segment event:,cevent_speech_naming_local-id,,,,cevent_eye_roi_child,,,,,,,,,,,,,,,,,,,,,,,,,,,,,,,,,,,,,,,,,,,,,,,,,,,,,,,,,,,,,,,,,,,,,,,,,,,cevent_eye_roi_parent,,,,,,,,,,,,,,,,,,,,,,,,,,,,,,,,,,,,,,,,,,,,,,,,,,,,,,,,,,,,,,,,,,,,,,,,,,
,,,,,proportion_by_category,,,,,,,,,,,,,,,,,,,,,,,,,mean_duration_by_category,,,,,,,,,,,,,,,,,,,,,,,,,number_of_events_by_category,,,,,,,,,,,,,,,,,,,,,,,,,proportion_by_category,,,,,,,,,,,,,,,,,,,,,,,,,mean_duration_by_category,,,,,,,,,,,,,,,,,,,,,,,,,number_of_events_by_category,,,,,,,,,,,,,,,,,,,,,,,,
,,,,,,,,,,,,,,,,,,,,,,,,,,,,,,,,,,,,,,,,,,,,,,,,,,,,,,,,,,,,,,,,,,,,,,,,,,,,,,,,,,,,,,,,,,,,,,,,,,,,,,,,,,,,,,,,,,,,,,,,,,,,,,,,,,,,,,,,,,,,,,,,,,,,,,,,,,
subject ID,instance ID,onset,offset,category value,cat-1,cat-2,cat-3,cat-4,cat-5,cat-6,cat-7,cat-8,cat-9,cat-10,cat-11,cat-12,cat-13,cat-14,cat-15,cat-16,cat-17,cat-18,cat-19,cat-20,cat-21,cat-22,cat-23,cat-24,cat-25,cat-1,cat-2,cat-3,cat-4,cat-5,cat-6,cat-7,cat-8,cat-9,cat-10,cat-11,cat-12,cat-13,cat-14,cat-15,cat-16,cat-17,cat-18,cat-19,cat-20,cat-21,cat-22,cat-23,cat-24,cat-25,cat-1,cat-2,cat-3,cat-4,cat-5,cat-6,cat-7,cat-8,cat-9,cat-10,cat-11,cat-12,cat-13,cat-14,cat-15,cat-16,cat-17,cat-18,cat-19,cat-20,cat-21,cat-22,cat-23,cat-24,cat-25,cat-1,cat-2,cat-3,cat-4,cat-5,cat-6,cat-7,cat-8,cat-9,cat-10,cat-11,cat-12,cat-13,cat-14,cat-15,cat-16,cat-17,cat-18,cat-19,cat-20,cat-21,cat-22,cat-23,cat-24,cat-25,cat-1,cat-2,cat-3,cat-4,cat-5,cat-6,cat-7,cat-8,cat-9,cat-10,cat-11,cat-12,cat-13,cat-14,cat-15,cat-16,cat-17,cat-18,cat-19,cat-20,cat-21,cat-22,cat-23,cat-24,cat-25,cat-1,cat-2,cat-3,cat-4,cat-5,cat-6,cat-7,cat-8,cat-9,cat-10,cat-11,cat-12,cat-13,cat-14,cat-15,cat-16,cat-17,cat-18,cat-19,cat-20,cat-21,cat-22,cat-23,cat-24,cat-25
1202,1,25.85,30.85,18,0,0,0,0,0,0,0,0,0,0,0,0,0,0,0,0,0,0,0,0,0,0,0,0,0,NaN,NaN,NaN,NaN,NaN,NaN,NaN,NaN,NaN,NaN,NaN,NaN,NaN,NaN,NaN,NaN,NaN,NaN,NaN,NaN,NaN,NaN,NaN,NaN,NaN,0,0,0,0,0,0,0,0,0,0,0,0,0,0,0,0,0,0,0,0,0,0,0,0,0,0,0,0,0,0,0,0,0,0,0,0,0,0,0,0,0,0,0.1132,0,0,0,0,0,0.01,0,NaN,NaN,NaN,NaN,NaN,NaN,NaN,NaN,NaN,NaN,NaN,NaN,NaN,NaN,NaN,NaN,NaN,0.566,NaN,NaN,NaN,NaN,NaN,0.05,NaN,0,0,0,0,0,0,0,0,0,0,0,0,0,0,0,0,0,1,0,0,0,0,0,1,0
1202,2,28.016,33.016,20,0,0,0,0,0,0,0,0,0,0,0,0,0,0,0,0,0,0,0,0.2966,0,0,0,0,0,NaN,NaN,NaN,NaN,NaN,NaN,NaN,NaN,NaN,NaN,NaN,NaN,NaN,NaN,NaN,NaN,NaN,NaN,NaN,1.483,NaN,NaN,NaN,NaN,NaN,0,0,0,0,0,0,0,0,0,0,0,0,0,0,0,0,0,0,0,1,0,0,0,0,0,0,0,0,0,0,0,0,0,0,0,0,0,0,0,0,0,0,0.1132,0,0.3632,0,0,0,0.0734,0,NaN,NaN,NaN,NaN,NaN,NaN,NaN,NaN,NaN,NaN,NaN,NaN,NaN,NaN,NaN,NaN,NaN,0.566,NaN,1.816,NaN,NaN,NaN,0.367,NaN,0,0,0,0,0,0,0,0,0,0,0,0,0,0,0,0,0,1,0,1,0,0,0,1,0
1202,3,49.418,54.418,20,0,0,0,0,0,0,0,0,0,0,0,0,0,0,0,0,0,0,0,0.8698,0,0,0,0,0,NaN,NaN,NaN,NaN,NaN,NaN,NaN,NaN,NaN,NaN,NaN,NaN,NaN,NaN,NaN,NaN,NaN,NaN,NaN,4.349,NaN,NaN,NaN,NaN,NaN,0,0,0,0,0,0,0,0,0,0,0,0,0,0,0,0,0,0,0,1,0,0,0,0,0,0,0,0,0,0,0,0,0,0,0,0,0,0,0,0,0,0,0,0,0.5534,0,0,0,0,0.137,NaN,NaN,NaN,NaN,NaN,NaN,NaN,NaN,NaN,NaN,NaN,NaN,NaN,NaN,NaN,NaN,NaN,NaN,NaN,2.767,NaN,NaN,NaN,NaN,0.685,0,0,0,0,0,0,0,0,0,0,0,0,0,0,0,0,0,0,0,1,0,0,0,0,1
1202,4,52.118,57.118,20,0,0,0,0,0,0,0,0,0,0,0,0,0,0,0,0,0,0,0,0.3298,0,0,0,0,0.3534,NaN,NaN,NaN,NaN,NaN,NaN,NaN,NaN,NaN,NaN,NaN,NaN,NaN,NaN,NaN,NaN,NaN,NaN,NaN,1.649,NaN,NaN,NaN,NaN,1.767,0,0,0,0,0,0,0,0,0,0,0,0,0,0,0,0,0,0,0,1,0,0,0,0,1,0,0,0,0,0,0,0,0,0,0,0,0,0,0,0,0,0,0,0,0.3098,0,0,0,0,0.64,NaN,NaN,NaN,NaN,NaN,NaN,NaN,NaN,NaN,NaN,NaN,NaN,NaN,NaN,NaN,NaN,NaN,NaN,NaN,1.549,NaN,NaN,NaN,NaN,3.2,0,0,0,0,0,0,0,0,0,0,0,0,0,0,0,0,0,0,0,1,0,0,0,0,1
1202,5,60.377,65.377,6,0,0,0,0,0,0.8066,0,0,0,0.1466,0,0,0,0,0,0,0,0,0,0,0,0,0,0,0,NaN,NaN,NaN,NaN,NaN,2.0165,NaN,NaN,NaN,0.733,NaN,NaN,NaN,NaN,NaN,NaN,NaN,NaN,NaN,NaN,NaN,NaN,NaN,NaN,NaN,0,0,0,0,0,2,0,0,0,1,0,0,0,0,0,0,0,0,0,0,0,0,0,0,0,0,0,0,0,0,0.122,0,0,0,0.3468,0,0,0,0,0,0,0,0.1,0,0.038,0,0,0.06,0,0,NaN,NaN,NaN,NaN,NaN,0.61,NaN,NaN,NaN,0.578,NaN,NaN,NaN,NaN,NaN,NaN,NaN,0.5,NaN,0.19,NaN,NaN,0.3,NaN,NaN,0,0,0,0,0,1,0,0,0,3,0,0,0,0,0,0,0,1,0,1,0,0,1,0,0
1202,6,64.1,69.1,10,0,0,0,0,0,0.6066,0,0,0,0.3866,0,0,0,0,0,0,0,0,0,0,0,0,0,0,0,NaN,NaN,NaN,NaN,NaN,3.033,NaN,NaN,NaN,1.933,NaN,NaN,NaN,NaN,NaN,NaN,NaN,NaN,NaN,NaN,NaN,NaN,NaN,NaN,NaN,0,0,0,0,0,1,0,0,0,1,0,0,0,0,0,0,0,0,0,0,0,0,0,0,0,0,0,0,0,0,0.5732,0,0,0,0.2734,0,0,0,0,0,0,0,0,0,0,0,0,0.06,0,0,NaN,NaN,NaN,NaN,NaN,2.866,NaN,NaN,NaN,1.367,NaN,NaN,NaN,NaN,NaN,NaN,NaN,NaN,NaN,NaN,NaN,NaN,0.3,NaN,NaN,0,0,0,0,0,1,0,0,0,1,0,0,0,0,0,0,0,0,0,0,0,0,1,0,0
1202,7,83.539,88.539,10,0,0,0,0,0,0,0,0,0,0.5412,0,0,0,0,0,0,0,0.3266,0,0,0,0,0,0,0,NaN,NaN,NaN,NaN,NaN,NaN,NaN,NaN,NaN,2.706,NaN,NaN,NaN,NaN,NaN,NaN,NaN,1.633,NaN,NaN,NaN,NaN,NaN,NaN,NaN,0,0,0,0,0,0,0,0,0,1,0,0,0,0,0,0,0,1,0,0,0,0,0,0,0,0,0,0,0,0,0.0734,0,0,0,0.1744,0,0,0,0,0.1,0,0,0.4266,0,0,0,0,0,0,0,NaN,NaN,NaN,NaN,NaN,0.367,NaN,NaN,NaN,0.436,NaN,NaN,NaN,NaN,0.5,NaN,NaN,2.133,NaN,NaN,NaN,NaN,NaN,NaN,NaN,0,0,0,0,0,1,0,0,0,2,0,0,0,0,1,0,0,1,0,0,0,0,0,0,0
1202,8,103.42,108.42,23,0,0.266,0,0,0,0,0,0,0,0,0,0,0,0,0,0,0,0,0,0,0,0,0.524,0,0,NaN,1.33,NaN,NaN,NaN,NaN,NaN,NaN,NaN,NaN,NaN,NaN,NaN,NaN,NaN,NaN,NaN,NaN,NaN,NaN,NaN,NaN,2.62,NaN,NaN,0,1,0,0,0,0,0,0,0,0,0,0,0,0,0,0,0,0,0,0,0,0,1,0,0,0,0,0,0,0.08,0,0,0,0,0,0,0,0,0,0,0,0,0,0,0,0,0,0.698,0,0,NaN,NaN,NaN,NaN,0.4,NaN,NaN,NaN,NaN,NaN,NaN,NaN,NaN,NaN,NaN,NaN,NaN,NaN,NaN,NaN,NaN,NaN,1.745,NaN,NaN,0,0,0,0,1,0,0,0,0,0,0,0,0,0,0,0,0,0,0,0,0,0,2,0,0
1202,9,106.09,111.09,23,0,0,0,0,0,0,0,0,0,0,0,0,0,0,0.144,0,0,0,0,0,0,0,0.816,0,0,NaN,NaN,NaN,NaN,NaN,NaN,NaN,NaN,NaN,NaN,NaN,NaN,NaN,NaN,0.72,NaN,NaN,NaN,NaN,NaN,NaN,NaN,4.08,NaN,NaN,0,0,0,0,0,0,0,0,0,0,0,0,0,0,1,0,0,0,0,0,0,0,1,0,0,0,0.14,0,0,0,0,0.1,0,0,0,0,0,0.048,0,0.178,0,0,0,0,0,0,0,0.348,0,0,NaN,0.7,NaN,NaN,NaN,NaN,0.5,NaN,NaN,NaN,NaN,NaN,0.24,NaN,0.445,NaN,NaN,NaN,NaN,NaN,NaN,NaN,0.87,NaN,NaN,0,1,0,0,0,0,1,0,0,0,0,0,1,0,2,0,0,0,0,0,0,0,2,0,0
1202,10,108.77,113.77,15,0,0,0,0,0,0,0,0,0,0,0,0,0,0,0.66,0,0,0,0,0,0,0,0.288,0,0,NaN,NaN,NaN,NaN,NaN,NaN,NaN,NaN,NaN,NaN,NaN,NaN,NaN,NaN,3.3,NaN,NaN,NaN,NaN,NaN,NaN,NaN,0.72,NaN,NaN,0,0,0,0,0,0,0,0,0,0,0,0,0,0,1,0,0,0,0,0,0,0,2,0,0,0,0.14,0,0,0,0,0.1,0,0,0,0,0,0.048,0,0.666,0,0,0,0,0,0,0,0,0,0,NaN,0.7,NaN,NaN,NaN,NaN,0.5,NaN,NaN,NaN,NaN,NaN,0.24,NaN,1.665,NaN,NaN,NaN,NaN,NaN,NaN,NaN,NaN,NaN,NaN,0,1,0,0,0,0,1,0,0,0,0,0,1,0,2,0,0,0,0,0,0,0,0,0,0
1202,11,112.31,117.31,15,0,0,0,0,0,0,0,0,0,0,0,0,0,0,0.688,0,0,0,0,0,0,0,0.294,0,0,NaN,NaN,NaN,NaN,NaN,NaN,NaN,NaN,NaN,NaN,NaN,NaN,NaN,NaN,1.72,NaN,NaN,NaN,NaN,NaN,NaN,NaN,1.47,NaN,NaN,0,0,0,0,0,0,0,0,0,0,0,0,0,0,2,0,0,0,0,0,0,0,1,0,0,0,0,0,0,0,0,0,0,0,0,0.074,0,0,0,0.908,0,0,0,0,0,0,0,0,0,0,NaN,NaN,NaN,NaN,NaN,NaN,NaN,NaN,NaN,NaN,0.37,NaN,NaN,NaN,2.27,NaN,NaN,NaN,NaN,NaN,NaN,NaN,NaN,NaN,NaN,0,0,0,0,0,0,0,0,0,0,1,0,0,0,2,0,0,0,0,0,0,0,0,0,0
1202,12,141.88,146.88,20,0,0,0,0,0,0,0,0,0,0,0,0,0.488,0.054,0,0,0,0,0,0,0,0,0,0,0,NaN,NaN,NaN,NaN,NaN,NaN,NaN,NaN,NaN,NaN,NaN,NaN,2.44,0.27,NaN,NaN,NaN,NaN,NaN,NaN,NaN,NaN,NaN,NaN,NaN,0,0,0,0,0,0,0,0,0,0,0,0,1,1,0,0,0,0,0,0,0,0,0,0,0,0,0.28,0,0,0,0,0,0,0,0,0,0,0,0,0,0,0,0,0,0,0,0,0,0.14,0,NaN,0.7,NaN,NaN,NaN,NaN,NaN,NaN,NaN,NaN,NaN,NaN,NaN,NaN,NaN,NaN,NaN,NaN,NaN,NaN,NaN,NaN,NaN,0.35,NaN,0,2,0,0,0,0,0,0,0,0,0,0,0,0,0,0,0,0,0,0,0,0,0,2,0
1202,13,145.78,150.78,13,0,0,0,0,0,0,0,0,0,0,0,0,0.018,0.054,0,0,0,0,0,0.712,0,0,0,0,0,NaN,NaN,NaN,NaN,NaN,NaN,NaN,NaN,NaN,NaN,NaN,NaN,0.09,0.27,NaN,NaN,NaN,NaN,NaN,3.56,NaN,NaN,NaN,NaN,NaN,0,0,0,0,0,0,0,0,0,0,0,0,1,1,0,0,0,0,0,1,0,0,0,0,0,0,0,0,0,0,0,0,0,0,0.212,0,0,0.36,0,0,0,0,0,0,0,0,0,0,0,0,NaN,NaN,NaN,NaN,NaN,NaN,NaN,NaN,NaN,1.06,NaN,NaN,0.9,NaN,NaN,NaN,NaN,NaN,NaN,NaN,NaN,NaN,NaN,NaN,NaN,0,0,0,0,0,0,0,0,0,1,0,0,2,0,0,0,0,0,0,0,0,0,0,0,0
1202,14,147.67,152.67,3,0,0,0,0,0,0,0,0,0,0,0,0,0.186,0,0,0,0,0,0,0.612,0,0,0.174,0,0,NaN,NaN,NaN,NaN,NaN,NaN,NaN,NaN,NaN,NaN,NaN,NaN,0.93,NaN,NaN,NaN,NaN,NaN,NaN,3.06,NaN,NaN,0.87,NaN,NaN,0,0,0,0,0,0,0,0,0,0,0,0,1,0,0,0,0,0,0,1,0,0,1,0,0,0,0,0.034,0,0,0,0,0,0,0.212,0,0,0.294,0,0.06,0,0,0,0,0,0,0,0,0,0,NaN,NaN,0.17,NaN,NaN,NaN,NaN,NaN,NaN,1.06,NaN,NaN,0.49,NaN,0.3,NaN,NaN,NaN,NaN,NaN,NaN,NaN,NaN,NaN,NaN,0,0,1,0,0,0,0,0,0,1,0,0,3,0,1,0,0,0,0,0,0,0,0,0,0
1202,15,177.59,182.59,23,0,0,0,0,0,0,0,0,0,0,0,0,0,0,0.5,0,0,0,0,0.322,0,0,0,0,0,NaN,NaN,NaN,NaN,NaN,NaN,NaN,NaN,NaN,NaN,NaN,NaN,NaN,NaN,2.5,NaN,NaN,NaN,NaN,1.61,NaN,NaN,NaN,NaN,NaN,0,0,0,0,0,0,0,0,0,0,0,0,0,0,1,0,0,0,0,1,0,0,0,0,0,0,0,0,0,0,0,0,0,0,0,0,0,0,0,0.358,0,0,0,0,0.202,0,0,0,0,0,NaN,NaN,NaN,NaN,NaN,NaN,NaN,NaN,NaN,NaN,NaN,NaN,NaN,NaN,1.79,NaN,NaN,NaN,NaN,0.505,NaN,NaN,NaN,NaN,NaN,0,0,0,0,0,0,0,0,0,0,0,0,0,0,1,0,0,0,0,2,0,0,0,0,0
1202,16,182.7,187.7,14,0,0.146,0,0,0,0,0,0,0.2,0,0,0,0,0,0.5,0,0,0,0,0,0,0,0,0,0,NaN,0.73,NaN,NaN,NaN,NaN,NaN,NaN,1,NaN,NaN,NaN,NaN,NaN,2.5,NaN,NaN,NaN,NaN,NaN,NaN,NaN,NaN,NaN,NaN,0,1,0,0,0,0,0,0,1,0,0,0,0,0,1,0,0,0,0,0,0,0,0,0,0,0,0.054,0,0,0,0,0,0,0,0.092,0,0,0,0,0.248,0,0,0.212,0,0,0,0,0.228,0,0,NaN,0.27,NaN,NaN,NaN,NaN,NaN,NaN,NaN,0.46,NaN,NaN,NaN,NaN,0.62,NaN,NaN,0.53,NaN,NaN,NaN,NaN,0.57,NaN,NaN,0,1,0,0,0,0,0,0,0,1,0,0,0,0,2,0,0,2,0,0,0,0,2,0,0
1202,17,182.7,187.7,14,0,0.146,0,0,0,0,0,0,0.2,0,0,0,0,0,0.5,0,0,0,0,0,0,0,0,0,0,NaN,0.73,NaN,NaN,NaN,NaN,NaN,NaN,1,NaN,NaN,NaN,NaN,NaN,2.5,NaN,NaN,NaN,NaN,NaN,NaN,NaN,NaN,NaN,NaN,0,1,0,0,0,0,0,0,1,0,0,0,0,0,1,0,0,0,0,0,0,0,0,0,0,0,0.054,0,0,0,0,0,0,0,0.092,0,0,0,0,0.248,0,0,0.212,0,0,0,0,0.228,0,0,NaN,0.27,NaN,NaN,NaN,NaN,NaN,NaN,NaN,0.46,NaN,NaN,NaN,NaN,0.62,NaN,NaN,0.53,NaN,NaN,NaN,NaN,0.57,NaN,NaN,0,1,0,0,0,0,0,0,0,1,0,0,0,0,2,0,0,2,0,0,0,0,2,0,0
1202,18,186.39,191.39,10,0,0.048,0,0,0,0,0,0,0.266,0,0,0,0,0.638,0,0,0,0,0,0,0,0,0,0,0,NaN,0.24,NaN,NaN,NaN,NaN,NaN,NaN,1.33,NaN,NaN,NaN,NaN,3.19,NaN,NaN,NaN,NaN,NaN,NaN,NaN,NaN,NaN,NaN,NaN,0,1,0,0,0,0,0,0,1,0,0,0,0,1,0,0,0,0,0,0,0,0,0,0,0,0,0.012,0,0,0,0,0,0,0,0,0,0,0.046,0.146,0.16,0,0,0.382,0,0,0,0,0.134,0,0,NaN,0.06,NaN,NaN,NaN,NaN,NaN,NaN,NaN,NaN,NaN,NaN,0.23,0.73,0.8,NaN,NaN,0.63667,NaN,NaN,NaN,NaN,0.67,NaN,NaN,0,1,0,0,0,0,0,0,0,0,0,0,1,1,1,0,0,3,0,0,0,0,1,0,0
1202,19,186.39,191.39,14,0,0.048,0,0,0,0,0,0,0.266,0,0,0,0,0.638,0,0,0,0,0,0,0,0,0,0,0,NaN,0.24,NaN,NaN,NaN,NaN,NaN,NaN,1.33,NaN,NaN,NaN,NaN,3.19,NaN,NaN,NaN,NaN,NaN,NaN,NaN,NaN,NaN,NaN,NaN,0,1,0,0,0,0,0,0,1,0,0,0,0,1,0,0,0,0,0,0,0,0,0,0,0,0,0.012,0,0,0,0,0,0,0,0,0,0,0.046,0.146,0.16,0,0,0.382,0,0,0,0,0.134,0,0,NaN,0.06,NaN,NaN,NaN,NaN,NaN,NaN,NaN,NaN,NaN,NaN,0.23,0.73,0.8,NaN,NaN,0.63667,NaN,NaN,NaN,NaN,0.67,NaN,NaN,0,1,0,0,0,0,0,0,0,0,0,0,1,1,1,0,0,3,0,0,0,0,1,0,0
1202,20,193.09,198.09,14,0,0,0,0,0,0,0,0,0,0,0,0,0,0.024,0,0,0,0,0,0,0,0,0,0,0,NaN,NaN,NaN,NaN,NaN,NaN,NaN,NaN,NaN,NaN,NaN,NaN,NaN,0.12,NaN,NaN,NaN,NaN,NaN,NaN,NaN,NaN,NaN,NaN,NaN,0,0,0,0,0,0,0,0,0,0,0,0,0,1,0,0,0,0,0,0,0,0,0,0,0,0,0.454,0,0,0,0,0,0,0,0,0.162,0,0,0.004,0,0,0,0,0,0,0,0,0,0,0,NaN,2.27,NaN,NaN,NaN,NaN,NaN,NaN,NaN,NaN,0.81,NaN,NaN,0.02,NaN,NaN,NaN,NaN,NaN,NaN,NaN,NaN,NaN,NaN,NaN,0,1,0,0,0,0,0,0,0,0,1,0,0,1,0,0,0,0,0,0,0,0,0,0,0
1202,21,206.49,211.49,18,0,0,0,0,0,0,0,0,0,0,0,0,0,0,0,0,0,0.038,0,0,0,0,0,0,0,NaN,NaN,NaN,NaN,NaN,NaN,NaN,NaN,NaN,NaN,NaN,NaN,NaN,NaN,NaN,NaN,NaN,0.19,NaN,NaN,NaN,NaN,NaN,NaN,NaN,0,0,0,0,0,0,0,0,0,0,0,0,0,0,0,0,0,1,0,0,0,0,0,0,0,0,0,0,0,0,0,0.06,0,0,0,0,0,0,0.052,0.106,0.146,0,0.084,0,0,0,0,0,0,0,NaN,NaN,NaN,NaN,NaN,NaN,0.3,NaN,NaN,NaN,NaN,NaN,NaN,0.26,0.53,0.73,NaN,0.42,NaN,NaN,NaN,NaN,NaN,NaN,NaN,0,0,0,0,0,0,1,0,0,0,0,0,0,1,1,1,0,1,0,0,0,0,0,0,0
1202,22,212.34,217.34,18,0,0,0,0,0,0,0,0,0,0,0,0,0,0,0,0,0,0.826,0,0,0,0,0,0,0,NaN,NaN,NaN,NaN,NaN,NaN,NaN,NaN,NaN,NaN,NaN,NaN,NaN,NaN,NaN,NaN,NaN,2.065,NaN,NaN,NaN,NaN,NaN,NaN,NaN,0,0,0,0,0,0,0,0,0,0,0,0,0,0,0,0,0,2,0,0,0,0,0,0,0,0,0,0,0,0,0,0,0,0,0,0,0,0,0,0,0,0,1,0,0,0,0,0,0,0,NaN,NaN,NaN,NaN,NaN,NaN,NaN,NaN,NaN,NaN,NaN,NaN,NaN,NaN,NaN,NaN,NaN,5,NaN,NaN,NaN,NaN,NaN,NaN,NaN,0,0,0,0,0,0,0,0,0,0,0,0,0,0,0,0,0,1,0,0,0,0,0,0,0
1202,23,228.3,233.3,23,0,0,0,0,0,0,0,0,0.134,0,0,0,0.054,0,0.614,0,0,0,0,0,0,0,0,0,0,NaN,NaN,NaN,NaN,NaN,NaN,NaN,NaN,0.67,NaN,NaN,NaN,0.27,NaN,3.07,NaN,NaN,NaN,NaN,NaN,NaN,NaN,NaN,NaN,NaN,0,0,0,0,0,0,0,0,1,0,0,0,1,0,1,0,0,0,0,0,0,0,0,0,0,0,0,0,0,0,0,0,0,0,0.026,0,0,0,0,0.266,0,0.048,0,0,0,0,0.274,0,0.3,0,NaN,NaN,NaN,NaN,NaN,NaN,NaN,NaN,NaN,0.13,NaN,NaN,NaN,NaN,1.33,NaN,0.24,NaN,NaN,NaN,NaN,1.37,NaN,1.5,NaN,0,0,0,0,0,0,0,0,0,1,0,0,0,0,1,0,1,0,0,0,0,1,0,1,0
1202,24,241,246,11,0,0,0,0,0,0,0,0,0,0,0,0,0,0,0,0,0,0.12,0,0,0.768,0,0,0,0,NaN,NaN,NaN,NaN,NaN,NaN,NaN,NaN,NaN,NaN,NaN,NaN,NaN,NaN,NaN,NaN,NaN,0.6,NaN,NaN,1.92,NaN,NaN,NaN,NaN,0,0,0,0,0,0,0,0,0,0,0,0,0,0,0,0,0,1,0,0,2,0,0,0,0,0,0,0,0,0,0,0,0,0,0,0,0,0,0,0,0,0.326,0,0,0,0.574,0,0,0,0,NaN,NaN,NaN,NaN,NaN,NaN,NaN,NaN,NaN,NaN,NaN,NaN,NaN,NaN,NaN,NaN,1.63,NaN,NaN,NaN,2.87,NaN,NaN,NaN,NaN,0,0,0,0,0,0,0,0,0,0,0,0,0,0,0,0,1,0,0,0,1,0,0,0,0
1202,25,266.78,271.78,24,0,0,0,0,0,0,0,0,0,0,0,0,0,0,0,0,0,0,0,0,0,0.432,0,0.49,0,NaN,NaN,NaN,NaN,NaN,NaN,NaN,NaN,NaN,NaN,NaN,NaN,NaN,NaN,NaN,NaN,NaN,NaN,NaN,NaN,NaN,1.08,NaN,1.225,NaN,0,0,0,0,0,0,0,0,0,0,0,0,0,0,0,0,0,0,0,0,0,2,0,2,0,0,0,0,0,0,0,0,0,0,0,0,0,0,0,0,0,0.06,0.066,0,0,0,0.072,0,0,0,NaN,NaN,NaN,NaN,NaN,NaN,NaN,NaN,NaN,NaN,NaN,NaN,NaN,NaN,NaN,NaN,0.3,0.33,NaN,NaN,NaN,0.36,NaN,NaN,NaN,0,0,0,0,0,0,0,0,0,0,0,0,0,0,0,0,1,1,0,0,0,1,0,0,0
1202,26,316.89,321.89,17,0,0,0,0,0,0,0,0,0,0,0,0,0,0,0,0,0.308,0,0,0,0,0.452,0,0,0,NaN,NaN,NaN,NaN,NaN,NaN,NaN,NaN,NaN,NaN,NaN,NaN,NaN,NaN,NaN,NaN,1.54,NaN,NaN,NaN,NaN,2.26,NaN,NaN,NaN,0,0,0,0,0,0,0,0,0,0,0,0,0,0,0,0,1,0,0,0,0,1,0,0,0,0,0,0,0,0,0,0,0,0,0,0,0,0,0,0,0,0.088,0,0,0,0,0.608,0,0,0.254,NaN,NaN,NaN,NaN,NaN,NaN,NaN,NaN,NaN,NaN,NaN,NaN,NaN,NaN,NaN,NaN,0.44,NaN,NaN,NaN,NaN,3.04,NaN,NaN,1.27,0,0,0,0,0,0,0,0,0,0,0,0,0,0,0,0,1,0,0,0,0,1,0,0,1
1202,27,361.89,366.89,17,0,0.066,0,0,0,0,0,0,0,0,0,0,0.08,0,0,0,0.028,0,0,0,0,0,0,0,0,NaN,0.33,NaN,NaN,NaN,NaN,NaN,NaN,NaN,NaN,NaN,NaN,0.4,NaN,NaN,NaN,0.14,NaN,NaN,NaN,NaN,NaN,NaN,NaN,NaN,0,1,0,0,0,0,0,0,0,0,0,0,1,0,0,0,1,0,0,0,0,0,0,0,0,0,0,0,0,0,0,0,0,0,0,0,0,0,0,0.068,0,0.188,0,0,0.098,0,0,0,0,0.18,NaN,NaN,NaN,NaN,NaN,NaN,NaN,NaN,NaN,NaN,NaN,NaN,NaN,NaN,0.34,NaN,0.94,NaN,NaN,0.245,NaN,NaN,NaN,NaN,0.9,0,0,0,0,0,0,0,0,0,0,0,0,0,0,1,0,1,0,0,2,0,0,0,0,1
1202,28,369.25,374.25,9,0,0,0,0,0,0,0,0,0.256,0,0,0,0.132,0,0,0,0,0,0,0,0,0,0,0,0,NaN,NaN,NaN,NaN,NaN,NaN,NaN,NaN,1.28,NaN,NaN,NaN,0.66,NaN,NaN,NaN,NaN,NaN,NaN,NaN,NaN,NaN,NaN,NaN,NaN,0,0,0,0,0,0,0,0,1,0,0,0,1,0,0,0,0,0,0,0,0,0,0,0,0,0,0,0,0,0,0,0,0,0.496,0,0,0,0,0,0,0,0,0,0,0,0,0,0,0,0,NaN,NaN,NaN,NaN,NaN,NaN,NaN,NaN,2.48,NaN,NaN,NaN,NaN,NaN,NaN,NaN,NaN,NaN,NaN,NaN,NaN,NaN,NaN,NaN,NaN,0,0,0,0,0,0,0,0,1,0,0,0,0,0,0,0,0,0,0,0,0,0,0,0,0
1202,29,372.28,377.28,9,0,0.116,0,0,0,0,0,0,0.5,0,0,0,0.13,0,0,0,0,0,0,0,0,0,0,0,0,NaN,0.58,NaN,NaN,NaN,NaN,NaN,NaN,1.25,NaN,NaN,NaN,0.65,NaN,NaN,NaN,NaN,NaN,NaN,NaN,NaN,NaN,NaN,NaN,NaN,0,1,0,0,0,0,0,0,2,0,0,0,1,0,0,0,0,0,0,0,0,0,0,0,0,0,0,0,0,0,0,0,0,0.704,0,0,0,0,0,0,0,0.06,0.068,0,0,0,0,0,0,0,NaN,NaN,NaN,NaN,NaN,NaN,NaN,NaN,1.76,NaN,NaN,NaN,NaN,NaN,NaN,NaN,0.3,0.34,NaN,NaN,NaN,NaN,NaN,NaN,NaN,0,0,0,0,0,0,0,0,2,0,0,0,0,0,0,0,1,1,0,0,0,0,0,0,0
1202,30,373.78,378.78,2,0,0.416,0,0,0,0,0,0,0.338,0,0,0,0,0,0,0,0,0,0,0,0,0,0,0,0,NaN,2.08,NaN,NaN,NaN,NaN,NaN,NaN,0.845,NaN,NaN,NaN,NaN,NaN,NaN,NaN,NaN,NaN,NaN,NaN,NaN,NaN,NaN,NaN,NaN,0,1,0,0,0,0,0,0,2,0,0,0,0,0,0,0,0,0,0,0,0,0,0,0,0,0,0.17,0,0,0,0,0,0,0.404,0,0,0,0,0,0,0,0.06,0.122,0,0,0,0,0,0,0,NaN,0.85,NaN,NaN,NaN,NaN,NaN,NaN,1.01,NaN,NaN,NaN,NaN,NaN,NaN,NaN,0.3,0.305,NaN,NaN,NaN,NaN,NaN,NaN,NaN,0,1,0,0,0,0,0,0,2,0,0,0,0,0,0,0,1,2,0,0,0,0,0,0,0
1202,31,375.62,380.62,2,0,0.784,0,0,0,0,0,0,0.136,0,0,0,0,0,0,0,0,0,0,0,0,0,0,0,0,NaN,3.92,NaN,NaN,NaN,NaN,NaN,NaN,0.68,NaN,NaN,NaN,NaN,NaN,NaN,NaN,NaN,NaN,NaN,NaN,NaN,NaN,NaN,NaN,NaN,0,1,0,0,0,0,0,0,1,0,0,0,0,0,0,0,0,0,0,0,0,0,0,0,0,0,0.534,0,0,0,0,0,0,0.122,0,0,0,0,0,0,0,0.06,0.054,0,0,0,0,0,0,0,NaN,2.67,NaN,NaN,NaN,NaN,NaN,NaN,0.61,NaN,NaN,NaN,NaN,NaN,NaN,NaN,0.3,0.27,NaN,NaN,NaN,NaN,NaN,NaN,NaN,0,1,0,0,0,0,0,0,1,0,0,0,0,0,0,0,1,1,0,0,0,0,0,0,0
1202,32,375.62,380.62,9,0,0.784,0,0,0,0,0,0,0.136,0,0,0,0,0,0,0,0,0,0,0,0,0,0,0,0,NaN,3.92,NaN,NaN,NaN,NaN,NaN,NaN,0.68,NaN,NaN,NaN,NaN,NaN,NaN,NaN,NaN,NaN,NaN,NaN,NaN,NaN,NaN,NaN,NaN,0,1,0,0,0,0,0,0,1,0,0,0,0,0,0,0,0,0,0,0,0,0,0,0,0,0,0.534,0,0,0,0,0,0,0.122,0,0,0,0,0,0,0,0.06,0.054,0,0,0,0,0,0,0,NaN,2.67,NaN,NaN,NaN,NaN,NaN,NaN,0.61,NaN,NaN,NaN,NaN,NaN,NaN,NaN,0.3,0.27,NaN,NaN,NaN,NaN,NaN,NaN,NaN,0,1,0,0,0,0,0,0,1,0,0,0,0,0,0,0,1,1,0,0,0,0,0,0,0
1202,33,380.51,385.51,2,0,0.6,0,0,0,0,0,0,0,0,0,0,0,0,0,0,0,0.146,0,0,0,0,0,0,0,NaN,1.5,NaN,NaN,NaN,NaN,NaN,NaN,NaN,NaN,NaN,NaN,NaN,NaN,NaN,NaN,NaN,0.73,NaN,NaN,NaN,NaN,NaN,NaN,NaN,0,2,0,0,0,0,0,0,0,0,0,0,0,0,0,0,0,1,0,0,0,0,0,0,0,0,0.11,0,0,0,0,0,0.06,0.008,0,0,0,0,0,0,0,0.314,0,0,0,0,0,0,0,0,NaN,0.275,NaN,NaN,NaN,NaN,NaN,0.3,0.04,NaN,NaN,NaN,NaN,NaN,NaN,NaN,0.785,NaN,NaN,NaN,NaN,NaN,NaN,NaN,NaN,0,2,0,0,0,0,0,1,1,0,0,0,0,0,0,0,2,0,0,0,0,0,0,0,0
1202,34,380.51,385.51,9,0,0.6,0,0,0,0,0,0,0,0,0,0,0,0,0,0,0,0.146,0,0,0,0,0,0,0,NaN,1.5,NaN,NaN,NaN,NaN,NaN,NaN,NaN,NaN,NaN,NaN,NaN,NaN,NaN,NaN,NaN,0.73,NaN,NaN,NaN,NaN,NaN,NaN,NaN,0,2,0,0,0,0,0,0,0,0,0,0,0,0,0,0,0,1,0,0,0,0,0,0,0,0,0.11,0,0,0,0,0,0.06,0.008,0,0,0,0,0,0,0,0.314,0,0,0,0,0,0,0,0,NaN,0.275,NaN,NaN,NaN,NaN,NaN,0.3,0.04,NaN,NaN,NaN,NaN,NaN,NaN,NaN,0.785,NaN,NaN,NaN,NaN,NaN,NaN,NaN,NaN,0,2,0,0,0,0,0,1,1,0,0,0,0,0,0,0,2,0,0,0,0,0,0,0,0
1202,35,383.5,388.5,2,0,0.974,0,0,0,0,0,0,0,0,0,0,0,0,0,0,0,0,0,0,0,0,0,0,0,NaN,4.87,NaN,NaN,NaN,NaN,NaN,NaN,NaN,NaN,NaN,NaN,NaN,NaN,NaN,NaN,NaN,NaN,NaN,NaN,NaN,NaN,NaN,NaN,NaN,0,1,0,0,0,0,0,0,0,0,0,0,0,0,0,0,0,0,0,0,0,0,0,0,0,0,0.092,0,0,0,0,0,0,0.452,0,0,0,0,0,0,0,0.1,0,0,0,0,0,0,0,0,NaN,0.46,NaN,NaN,NaN,NaN,NaN,NaN,1.13,NaN,NaN,NaN,NaN,NaN,NaN,NaN,0.5,NaN,NaN,NaN,NaN,NaN,NaN,NaN,NaN,0,1,0,0,0,0,0,0,2,0,0,0,0,0,0,0,1,0,0,0,0,0,0,0,0
1202,36,387.74,392.74,5,0,0.338,0.074,0,0,0,0,0,0.4,0,0,0,0,0,0,0,0,0,0,0,0,0,0,0,0,NaN,1.69,0.37,NaN,NaN,NaN,NaN,NaN,2,NaN,NaN,NaN,NaN,NaN,NaN,NaN,NaN,NaN,NaN,NaN,NaN,NaN,NaN,NaN,NaN,0,1,1,0,0,0,0,0,1,0,0,0,0,0,0,0,0,0,0,0,0,0,0,0,0,0,0.542,0,0,0,0,0,0,0.246,0,0,0,0,0,0.014,0,0,0,0,0,0,0,0,0,0,NaN,1.355,NaN,NaN,NaN,NaN,NaN,NaN,0.615,NaN,NaN,NaN,NaN,NaN,0.07,NaN,NaN,NaN,NaN,NaN,NaN,NaN,NaN,NaN,NaN,0,2,0,0,0,0,0,0,2,0,0,0,0,0,1,0,0,0,0,0,0,0,0,0,0
1202,37,399.93,404.93,2,0,0.16,0,0,0.8,0,0,0,0,0,0,0,0,0,0,0,0,0,0,0,0,0,0,0,0,NaN,0.8,NaN,NaN,2,NaN,NaN,NaN,NaN,NaN,NaN,NaN,NaN,NaN,NaN,NaN,NaN,NaN,NaN,NaN,NaN,NaN,NaN,NaN,NaN,0,1,0,0,2,0,0,0,0,0,0,0,0,0,0,0,0,0,0,0,0,0,0,0,0,0,0,0,0,0.814,0,0,0,0,0,0,0,0,0,0,0,0,0,0,0,0,0,0,0,0,NaN,NaN,NaN,NaN,2.035,NaN,NaN,NaN,NaN,NaN,NaN,NaN,NaN,NaN,NaN,NaN,NaN,NaN,NaN,NaN,NaN,NaN,NaN,NaN,NaN,0,0,0,0,2,0,0,0,0,0,0,0,0,0,0,0,0,0,0,0,0,0,0,0,0
1202,38,399.93,404.93,5,0,0.16,0,0,0.8,0,0,0,0,0,0,0,0,0,0,0,0,0,0,0,0,0,0,0,0,NaN,0.8,NaN,NaN,2,NaN,NaN,NaN,NaN,NaN,NaN,NaN,NaN,NaN,NaN,NaN,NaN,NaN,NaN,NaN,NaN,NaN,NaN,NaN,NaN,0,1,0,0,2,0,0,0,0,0,0,0,0,0,0,0,0,0,0,0,0,0,0,0,0,0,0,0,0,0.814,0,0,0,0,0,0,0,0,0,0,0,0,0,0,0,0,0,0,0,0,NaN,NaN,NaN,NaN,2.035,NaN,NaN,NaN,NaN,NaN,NaN,NaN,NaN,NaN,NaN,NaN,NaN,NaN,NaN,NaN,NaN,NaN,NaN,NaN,NaN,0,0,0,0,2,0,0,0,0,0,0,0,0,0,0,0,0,0,0,0,0,0,0,0,0
1202,39,410.3,415.3,14,0,0,0,0,0,0,0,0,0,0,0,0,0,0.112,0,0,0,0,0,0,0.132,0,0,0,0,NaN,NaN,NaN,NaN,NaN,NaN,NaN,NaN,NaN,NaN,NaN,NaN,NaN,0.28,NaN,NaN,NaN,NaN,NaN,NaN,0.66,NaN,NaN,NaN,NaN,0,0,0,0,0,0,0,0,0,0,0,0,0,2,0,0,0,0,0,0,1,0,0,0,0,0,0.168,0,0,0,0,0,0,0.06,0,0,0,0,0.4,0,0,0,0,0,0,0,0,0,0,0,NaN,0.42,NaN,NaN,NaN,NaN,NaN,NaN,0.3,NaN,NaN,NaN,NaN,1,NaN,NaN,NaN,NaN,NaN,NaN,NaN,NaN,NaN,NaN,NaN,0,2,0,0,0,0,0,0,1,0,0,0,0,2,0,0,0,0,0,0,0,0,0,0,0
1202,40,410.3,415.3,2,0,0,0,0,0,0,0,0,0,0,0,0,0,0.112,0,0,0,0,0,0,0.132,0,0,0,0,NaN,NaN,NaN,NaN,NaN,NaN,NaN,NaN,NaN,NaN,NaN,NaN,NaN,0.28,NaN,NaN,NaN,NaN,NaN,NaN,0.66,NaN,NaN,NaN,NaN,0,0,0,0,0,0,0,0,0,0,0,0,0,2,0,0,0,0,0,0,1,0,0,0,0,0,0.168,0,0,0,0,0,0,0.06,0,0,0,0,0.4,0,0,0,0,0,0,0,0,0,0,0,NaN,0.42,NaN,NaN,NaN,NaN,NaN,NaN,0.3,NaN,NaN,NaN,NaN,1,NaN,NaN,NaN,NaN,NaN,NaN,NaN,NaN,NaN,NaN,NaN,0,2,0,0,0,0,0,0,1,0,0,0,0,2,0,0,0,0,0,0,0,0,0,0,0
1202,41,413.39,418.39,2,0,0.372,0,0,0,0,0,0,0,0,0,0,0,0.052,0,0,0,0,0,0,0,0,0,0,0.08,NaN,1.86,NaN,NaN,NaN,NaN,NaN,NaN,NaN,NaN,NaN,NaN,NaN,0.26,NaN,NaN,NaN,NaN,NaN,NaN,NaN,NaN,NaN,NaN,0.4,0,1,0,0,0,0,0,0,0,0,0,0,0,1,0,0,0,0,0,0,0,0,0,0,1,0,0.458,0,0,0,0,0,0,0.06,0,0,0,0,0.252,0,0,0,0,0,0,0,0,0,0,0,NaN,1.145,NaN,NaN,NaN,NaN,NaN,NaN,0.3,NaN,NaN,NaN,NaN,1.26,NaN,NaN,NaN,NaN,NaN,NaN,NaN,NaN,NaN,NaN,NaN,0,2,0,0,0,0,0,0,1,0,0,0,0,1,0,0,0,0,0,0,0,0,0,0,0
1202,42,419.53,424.53,9,0,0.4,0,0,0,0,0,0,0,0,0,0,0,0,0,0,0,0,0,0,0,0,0,0,0,NaN,2,NaN,NaN,NaN,NaN,NaN,NaN,NaN,NaN,NaN,NaN,NaN,NaN,NaN,NaN,NaN,NaN,NaN,NaN,NaN,NaN,NaN,NaN,NaN,0,1,0,0,0,0,0,0,0,0,0,0,0,0,0,0,0,0,0,0,0,0,0,0,0,0,0.5,0,0,0,0,0,0,0.306,0,0,0,0,0,0,0,0,0,0,0,0,0,0,0,0,NaN,2.5,NaN,NaN,NaN,NaN,NaN,NaN,1.53,NaN,NaN,NaN,NaN,NaN,NaN,NaN,NaN,NaN,NaN,NaN,NaN,NaN,NaN,NaN,NaN,0,1,0,0,0,0,0,0,1,0,0,0,0,0,0,0,0,0,0,0,0,0,0,0,0
1202,43,423.52,428.52,5,0,0.576,0.35,0,0,0,0,0,0,0,0,0,0,0,0,0,0,0,0,0,0,0,0,0,0,NaN,2.88,1.75,NaN,NaN,NaN,NaN,NaN,NaN,NaN,NaN,NaN,NaN,NaN,NaN,NaN,NaN,NaN,NaN,NaN,NaN,NaN,NaN,NaN,NaN,0,1,1,0,0,0,0,0,0,0,0,0,0,0,0,0,0,0,0,0,0,0,0,0,0,0,0,0,0,0,0,0,0,0.182,0,0,0,0,0.21,0,0,0,0,0,0,0,0,0,0,0,NaN,NaN,NaN,NaN,NaN,NaN,NaN,NaN,0.455,NaN,NaN,NaN,NaN,1.05,NaN,NaN,NaN,NaN,NaN,NaN,NaN,NaN,NaN,NaN,NaN,0,0,0,0,0,0,0,0,2,0,0,0,0,1,0,0,0,0,0,0,0,0,0,0,0
1202,44,426.25,431.25,13,0,0.03,0.896,0,0,0,0,0,0,0,0,0,0,0,0,0,0,0,0,0,0,0,0,0,0,NaN,0.15,4.48,NaN,NaN,NaN,NaN,NaN,NaN,NaN,NaN,NaN,NaN,NaN,NaN,NaN,NaN,NaN,NaN,NaN,NaN,NaN,NaN,NaN,NaN,0,1,1,0,0,0,0,0,0,0,0,0,0,0,0,0,0,0,0,0,0,0,0,0,0,0,0,0,0,0,0,0,0,0.066,0,0,0,0,0.34,0,0,0,0,0,0,0,0,0,0,0,NaN,NaN,NaN,NaN,NaN,NaN,NaN,NaN,0.33,NaN,NaN,NaN,NaN,1.7,NaN,NaN,NaN,NaN,NaN,NaN,NaN,NaN,NaN,NaN,NaN,0,0,0,0,0,0,0,0,1,0,0,0,0,1,0,0,0,0,0,0,0,0,0,0,0
1202,45,430.56,435.56,4,0,0,0.302,0.186,0,0,0,0,0,0,0,0,0,0.266,0,0,0,0,0,0,0,0,0,0,0,NaN,NaN,1.51,0.93,NaN,NaN,NaN,NaN,NaN,NaN,NaN,NaN,NaN,1.33,NaN,NaN,NaN,NaN,NaN,NaN,NaN,NaN,NaN,NaN,NaN,0,0,1,1,0,0,0,0,0,0,0,0,0,1,0,0,0,0,0,0,0,0,0,0,0,0,0,0,0,0,0,0,0,0,0,0,0,0.172,0.494,0,0,0,0,0,0,0,0,0,0,0,NaN,NaN,NaN,NaN,NaN,NaN,NaN,NaN,NaN,NaN,NaN,NaN,0.86,2.47,NaN,NaN,NaN,NaN,NaN,NaN,NaN,NaN,NaN,NaN,NaN,0,0,0,0,0,0,0,0,0,0,0,0,1,1,0,0,0,0,0,0,0,0,0,0,0
1202,46,433.45,438.45,8,0,0,0,0.374,0,0,0,0,0,0,0,0,0,0,0,0,0,0,0,0,0,0.344,0,0,0,NaN,NaN,NaN,1.87,NaN,NaN,NaN,NaN,NaN,NaN,NaN,NaN,NaN,NaN,NaN,NaN,NaN,NaN,NaN,NaN,NaN,1.72,NaN,NaN,NaN,0,0,0,1,0,0,0,0,0,0,0,0,0,0,0,0,0,0,0,0,0,1,0,0,0,0,0,0,0,0,0,0,0.424,0,0,0,0,0.314,0.15,0,0,0,0,0,0,0,0,0,0,0,NaN,NaN,NaN,NaN,NaN,NaN,NaN,2.12,NaN,NaN,NaN,NaN,1.57,0.75,NaN,NaN,NaN,NaN,NaN,NaN,NaN,NaN,NaN,NaN,NaN,0,0,0,0,0,0,0,1,0,0,0,0,1,1,0,0,0,0,0,0,0,0,0,0,0
1202,47,435.89,440.89,20,0,0,0,0.122,0,0,0,0,0,0,0,0,0,0,0,0,0,0,0,0,0,0.408,0,0,0,NaN,NaN,NaN,0.61,NaN,NaN,NaN,NaN,NaN,NaN,NaN,NaN,NaN,NaN,NaN,NaN,NaN,NaN,NaN,NaN,NaN,2.04,NaN,NaN,NaN,0,0,0,1,0,0,0,0,0,0,0,0,0,0,0,0,0,0,0,0,0,1,0,0,0,0,0,0,0,0,0,0,0.448,0,0,0,0,0.076,0,0,0,0,0,0,0.304,0,0,0,0,0.08,NaN,NaN,NaN,NaN,NaN,NaN,NaN,2.24,NaN,NaN,NaN,NaN,0.38,NaN,NaN,NaN,NaN,NaN,NaN,1.52,NaN,NaN,NaN,NaN,0.4,0,0,0,0,0,0,0,1,0,0,0,0,1,0,0,0,0,0,0,1,0,0,0,0,1
1202,48,438.4,443.4,17,0,0,0,0,0,0,0,0,0,0.326,0,0,0,0,0,0,0,0,0,0,0,0.074,0,0,0,NaN,NaN,NaN,NaN,NaN,NaN,NaN,NaN,NaN,1.63,NaN,NaN,NaN,NaN,NaN,NaN,NaN,NaN,NaN,NaN,NaN,0.37,NaN,NaN,NaN,0,0,0,0,0,0,0,0,0,1,0,0,0,0,0,0,0,0,0,0,0,1,0,0,0,0,0,0,0,0,0,0,0.034,0,0,0,0,0,0.28,0,0,0,0,0,0.52,0,0,0,0,0.08,NaN,NaN,NaN,NaN,NaN,NaN,NaN,0.17,NaN,NaN,NaN,NaN,NaN,1.4,NaN,NaN,NaN,NaN,NaN,2.6,NaN,NaN,NaN,NaN,0.4,0,0,0,0,0,0,0,1,0,0,0,0,0,1,0,0,0,0,0,1,0,0,0,0,1
1202,49,439.9,444.9,17,0,0,0,0,0,0,0,0,0,0.54,0,0,0,0,0,0,0,0,0,0,0,0,0.074,0,0,NaN,NaN,NaN,NaN,NaN,NaN,NaN,NaN,NaN,2.7,NaN,NaN,NaN,NaN,NaN,NaN,NaN,NaN,NaN,NaN,NaN,NaN,0.37,NaN,NaN,0,0,0,0,0,0,0,0,0,1,0,0,0,0,0,0,0,0,0,0,0,0,1,0,0,0,0,0,0,0,0,0,0,0,0,0,0,0,0.58,0,0,0,0,0,0.414,0,0,0,0,0,NaN,NaN,NaN,NaN,NaN,NaN,NaN,NaN,NaN,NaN,NaN,NaN,NaN,2.9,NaN,NaN,NaN,NaN,NaN,2.07,NaN,NaN,NaN,NaN,NaN,0,0,0,0,0,0,0,0,0,0,0,0,0,1,0,0,0,0,0,1,0,0,0,0,0
1202,50,439.9,444.9,22,0,0,0,0,0,0,0,0,0,0.54,0,0,0,0,0,0,0,0,0,0,0,0,0.074,0,0,NaN,NaN,NaN,NaN,NaN,NaN,NaN,NaN,NaN,2.7,NaN,NaN,NaN,NaN,NaN,NaN,NaN,NaN,NaN,NaN,NaN,NaN,0.37,NaN,NaN,0,0,0,0,0,0,0,0,0,1,0,0,0,0,0,0,0,0,0,0,0,0,1,0,0,0,0,0,0,0,0,0,0,0,0,0,0,0,0.58,0,0,0,0,0,0.414,0,0,0,0,0,NaN,NaN,NaN,NaN,NaN,NaN,NaN,NaN,NaN,NaN,NaN,NaN,NaN,2.9,NaN,NaN,NaN,NaN,NaN,2.07,NaN,NaN,NaN,NaN,NaN,0,0,0,0,0,0,0,0,0,0,0,0,0,1,0,0,0,0,0,1,0,0,0,0,0
1202,51,439.9,444.9,8,0,0,0,0,0,0,0,0,0,0.54,0,0,0,0,0,0,0,0,0,0,0,0,0.074,0,0,NaN,NaN,NaN,NaN,NaN,NaN,NaN,NaN,NaN,2.7,NaN,NaN,NaN,NaN,NaN,NaN,NaN,NaN,NaN,NaN,NaN,NaN,0.37,NaN,NaN,0,0,0,0,0,0,0,0,0,1,0,0,0,0,0,0,0,0,0,0,0,0,1,0,0,0,0,0,0,0,0,0,0,0,0,0,0,0,0.58,0,0,0,0,0,0.414,0,0,0,0,0,NaN,NaN,NaN,NaN,NaN,NaN,NaN,NaN,NaN,NaN,NaN,NaN,NaN,2.9,NaN,NaN,NaN,NaN,NaN,2.07,NaN,NaN,NaN,NaN,NaN,0,0,0,0,0,0,0,0,0,0,0,0,0,1,0,0,0,0,0,1,0,0,0,0,0
1202,52,497.94,502.94,8,0,0,0,0,0,0,0,0.752,0,0,0,0,0,0,0,0,0,0,0,0,0,0,0,0,0,NaN,NaN,NaN,NaN,NaN,NaN,NaN,3.76,NaN,NaN,NaN,NaN,NaN,NaN,NaN,NaN,NaN,NaN,NaN,NaN,NaN,NaN,NaN,NaN,NaN,0,0,0,0,0,0,0,1,0,0,0,0,0,0,0,0,0,0,0,0,0,0,0,0,0,0,0,0,0,0,0,0,0.468,0,0,0,0,0,0,0,0,0,0,0,0,0,0.086,0,0,0,NaN,NaN,NaN,NaN,NaN,NaN,NaN,2.34,NaN,NaN,NaN,NaN,NaN,NaN,NaN,NaN,NaN,NaN,NaN,NaN,NaN,0.43,NaN,NaN,NaN,0,0,0,0,0,0,0,1,0,0,0,0,0,0,0,0,0,0,0,0,0,1,0,0,0
1202,53,522.57,527.57,15,0,0,0,0,0,0,0,0,0,0,0,0,0,0,0.846,0,0,0,0,0,0,0,0.12,0,0,NaN,NaN,NaN,NaN,NaN,NaN,NaN,NaN,NaN,NaN,NaN,NaN,NaN,NaN,2.115,NaN,NaN,NaN,NaN,NaN,NaN,NaN,0.6,NaN,NaN,0,0,0,0,0,0,0,0,0,0,0,0,0,0,2,0,0,0,0,0,0,0,1,0,0,0.128,0,0,0,0,0,0,0.066,0,0,0,0,0,0,0.276,0,0,0,0,0,0,0,0,0,0,0.64,NaN,NaN,NaN,NaN,NaN,NaN,0.33,NaN,NaN,NaN,NaN,NaN,NaN,0.46,NaN,NaN,NaN,NaN,NaN,NaN,NaN,NaN,NaN,NaN,1,0,0,0,0,0,0,1,0,0,0,0,0,0,3,0,0,0,0,0,0,0,0,0,0
1202,54,529.31,534.31,1,0,0,0,0,0,0,0,0,0,0,0,0,0,0,1,0,0,0,0,0,0,0,0,0,0,NaN,NaN,NaN,NaN,NaN,NaN,NaN,NaN,NaN,NaN,NaN,NaN,NaN,NaN,5,NaN,NaN,NaN,NaN,NaN,NaN,NaN,NaN,NaN,NaN,0,0,0,0,0,0,0,0,0,0,0,0,0,0,1,0,0,0,0,0,0,0,0,0,0,0.206,0,0,0,0,0,0,0,0,0,0,0,0,0,0.546,0,0,0,0,0,0,0,0,0,0,1.03,NaN,NaN,NaN,NaN,NaN,NaN,NaN,NaN,NaN,NaN,NaN,NaN,NaN,1.365,NaN,NaN,NaN,NaN,NaN,NaN,NaN,NaN,NaN,NaN,1,0,0,0,0,0,0,0,0,0,0,0,0,0,2,0,0,0,0,0,0,0,0,0,0
1202,55,530.89,535.89,1,0,0,0,0,0,0,0,0,0,0,0,0,0,0,0.868,0,0,0,0,0,0,0,0,0,0,NaN,NaN,NaN,NaN,NaN,NaN,NaN,NaN,NaN,NaN,NaN,NaN,NaN,NaN,4.34,NaN,NaN,NaN,NaN,NaN,NaN,NaN,NaN,NaN,NaN,0,0,0,0,0,0,0,0,0,0,0,0,0,0,1,0,0,0,0,0,0,0,0,0,0,0.386,0,0,0.064,0,0,0,0,0,0,0,0,0,0,0.234,0,0,0,0,0,0,0,0,0,0,0.965,NaN,NaN,0.32,NaN,NaN,NaN,NaN,NaN,NaN,NaN,NaN,NaN,NaN,1.17,NaN,NaN,NaN,NaN,NaN,NaN,NaN,NaN,NaN,NaN,2,0,0,1,0,0,0,0,0,0,0,0,0,0,1,0,0,0,0,0,0,0,0,0,0
1202,56,530.89,535.89,15,0,0,0,0,0,0,0,0,0,0,0,0,0,0,0.868,0,0,0,0,0,0,0,0,0,0,NaN,NaN,NaN,NaN,NaN,NaN,NaN,NaN,NaN,NaN,NaN,NaN,NaN,NaN,4.34,NaN,NaN,NaN,NaN,NaN,NaN,NaN,NaN,NaN,NaN,0,0,0,0,0,0,0,0,0,0,0,0,0,0,1,0,0,0,0,0,0,0,0,0,0,0.386,0,0,0.064,0,0,0,0,0,0,0,0,0,0,0.234,0,0,0,0,0,0,0,0,0,0,0.965,NaN,NaN,0.32,NaN,NaN,NaN,NaN,NaN,NaN,NaN,NaN,NaN,NaN,1.17,NaN,NaN,NaN,NaN,NaN,NaN,NaN,NaN,NaN,NaN,2,0,0,1,0,0,0,0,0,0,0,0,0,0,1,0,0,0,0,0,0,0,0,0,0
1203,1,59.297,64.297,5,0,0,0,0,0,0,0,0,0,0,0,0,0,0,0,0,0,0,0,0,0,0,0,0,0,NaN,NaN,NaN,NaN,NaN,NaN,NaN,NaN,NaN,NaN,NaN,NaN,NaN,NaN,NaN,NaN,NaN,NaN,NaN,NaN,NaN,NaN,NaN,NaN,NaN,0,0,0,0,0,0,0,0,0,0,0,0,0,0,0,0,0,0,0,0,0,0,0,0,0,0,0,0,0,0.006,0,0,0,0,0,0,0,0,0,0,0,0,0,0,0,0,0,0,0,0,NaN,NaN,NaN,NaN,0.03,NaN,NaN,NaN,NaN,NaN,NaN,NaN,NaN,NaN,NaN,NaN,NaN,NaN,NaN,NaN,NaN,NaN,NaN,NaN,NaN,0,0,0,0,1,0,0,0,0,0,0,0,0,0,0,0,0,0,0,0,0,0,0,0,0
1203,2,61.359,66.359,5,0,0,0,0,0.3718,0,0,0,0,0,0,0,0,0,0,0,0,0,0,0,0,0,0,0,0,NaN,NaN,NaN,NaN,1.859,NaN,NaN,NaN,NaN,NaN,NaN,NaN,NaN,NaN,NaN,NaN,NaN,NaN,NaN,NaN,NaN,NaN,NaN,NaN,NaN,0,0,0,0,1,0,0,0,0,0,0,0,0,0,0,0,0,0,0,0,0,0,0,0,0,0,0,0,0,0.1132,0,0,0,0,0,0,0,0,0,0,0,0,0,0,0,0,0,0.1384,0.1534,0,NaN,NaN,NaN,NaN,0.566,NaN,NaN,NaN,NaN,NaN,NaN,NaN,NaN,NaN,NaN,NaN,NaN,NaN,NaN,NaN,NaN,NaN,0.692,0.767,NaN,0,0,0,0,1,0,0,0,0,0,0,0,0,0,0,0,0,0,0,0,0,0,1,1,0
1203,3,61.359,66.359,23,0,0,0,0,0.3718,0,0,0,0,0,0,0,0,0,0,0,0,0,0,0,0,0,0,0,0,NaN,NaN,NaN,NaN,1.859,NaN,NaN,NaN,NaN,NaN,NaN,NaN,NaN,NaN,NaN,NaN,NaN,NaN,NaN,NaN,NaN,NaN,NaN,NaN,NaN,0,0,0,0,1,0,0,0,0,0,0,0,0,0,0,0,0,0,0,0,0,0,0,0,0,0,0,0,0,0.1132,0,0,0,0,0,0,0,0,0,0,0,0,0,0,0,0,0,0.1384,0.1534,0,NaN,NaN,NaN,NaN,0.566,NaN,NaN,NaN,NaN,NaN,NaN,NaN,NaN,NaN,NaN,NaN,NaN,NaN,NaN,NaN,NaN,NaN,0.692,0.767,NaN,0,0,0,0,1,0,0,0,0,0,0,0,0,0,0,0,0,0,0,0,0,0,1,1,0
1203,4,64.337,69.337,5,0,0,0,0,0.7674,0,0,0,0,0,0,0,0,0,0,0,0,0,0,0,0,0,0.1866,0,0,NaN,NaN,NaN,NaN,1.9185,NaN,NaN,NaN,NaN,NaN,NaN,NaN,NaN,NaN,NaN,NaN,NaN,NaN,NaN,NaN,NaN,NaN,0.933,NaN,NaN,0,0,0,0,2,0,0,0,0,0,0,0,0,0,0,0,0,0,0,0,0,0,1,0,0,0,0,0,0,0.0992,0,0,0,0,0,0,0,0,0,0,0,0,0,0,0,0,0,0.6074,0.2134,0,NaN,NaN,NaN,NaN,0.496,NaN,NaN,NaN,NaN,NaN,NaN,NaN,NaN,NaN,NaN,NaN,NaN,NaN,NaN,NaN,NaN,NaN,1.5185,0.5335,NaN,0,0,0,0,1,0,0,0,0,0,0,0,0,0,0,0,0,0,0,0,0,0,2,2,0
1203,5,67.064,72.064,5,0,0,0,0,0.3272,0,0.06,0,0,0,0,0,0,0,0,0,0,0.2068,0,0,0,0,0.1866,0,0,NaN,NaN,NaN,NaN,0.818,NaN,0.3,NaN,NaN,NaN,NaN,NaN,NaN,NaN,NaN,NaN,NaN,1.034,NaN,NaN,NaN,NaN,0.933,NaN,NaN,0,0,0,0,2,0,1,0,0,0,0,0,0,0,0,0,0,1,0,0,0,0,1,0,0,0,0,0,0,0,0,0,0,0,0,0,0,0,0,0,0,0,0,0,0,0,0,0.7468,0.06,0.0666,NaN,NaN,NaN,NaN,NaN,NaN,NaN,NaN,NaN,NaN,NaN,NaN,NaN,NaN,NaN,NaN,NaN,NaN,NaN,NaN,NaN,NaN,3.734,0.3,0.333,0,0,0,0,0,0,0,0,0,0,0,0,0,0,0,0,0,0,0,0,0,0,1,1,1
1203,6,74.876,79.876,5,0,0,0.3332,0,0.2448,0,0,0,0,0,0,0,0,0,0.32,0,0,0,0,0,0,0,0,0,0,NaN,NaN,1.666,NaN,1.224,NaN,NaN,NaN,NaN,NaN,NaN,NaN,NaN,NaN,1.6,NaN,NaN,NaN,NaN,NaN,NaN,NaN,NaN,NaN,NaN,0,0,1,0,1,0,0,0,0,0,0,0,0,0,1,0,0,0,0,0,0,0,0,0,0,0,0,0,0.1352,0,0,0,0,0,0,0,0,0,0,0,0,0,0,0,0,0,0,0,0,0.8382,NaN,NaN,NaN,0.676,NaN,NaN,NaN,NaN,NaN,NaN,NaN,NaN,NaN,NaN,NaN,NaN,NaN,NaN,NaN,NaN,NaN,NaN,NaN,NaN,4.191,0,0,0,1,0,0,0,0,0,0,0,0,0,0,0,0,0,0,0,0,0,0,0,0,1
1203,7,74.876,79.876,11,0,0,0.3332,0,0.2448,0,0,0,0,0,0,0,0,0,0.32,0,0,0,0,0,0,0,0,0,0,NaN,NaN,1.666,NaN,1.224,NaN,NaN,NaN,NaN,NaN,NaN,NaN,NaN,NaN,1.6,NaN,NaN,NaN,NaN,NaN,NaN,NaN,NaN,NaN,NaN,0,0,1,0,1,0,0,0,0,0,0,0,0,0,1,0,0,0,0,0,0,0,0,0,0,0,0,0,0.1352,0,0,0,0,0,0,0,0,0,0,0,0,0,0,0,0,0,0,0,0,0.8382,NaN,NaN,NaN,0.676,NaN,NaN,NaN,NaN,NaN,NaN,NaN,NaN,NaN,NaN,NaN,NaN,NaN,NaN,NaN,NaN,NaN,NaN,NaN,NaN,4.191,0,0,0,1,0,0,0,0,0,0,0,0,0,0,0,0,0,0,0,0,0,0,0,0,1
1203,8,74.876,79.876,11,0,0,0.3332,0,0.2448,0,0,0,0,0,0,0,0,0,0.32,0,0,0,0,0,0,0,0,0,0,NaN,NaN,1.666,NaN,1.224,NaN,NaN,NaN,NaN,NaN,NaN,NaN,NaN,NaN,1.6,NaN,NaN,NaN,NaN,NaN,NaN,NaN,NaN,NaN,NaN,0,0,1,0,1,0,0,0,0,0,0,0,0,0,1,0,0,0,0,0,0,0,0,0,0,0,0,0,0.1352,0,0,0,0,0,0,0,0,0,0,0,0,0,0,0,0,0,0,0,0,0.8382,NaN,NaN,NaN,0.676,NaN,NaN,NaN,NaN,NaN,NaN,NaN,NaN,NaN,NaN,NaN,NaN,NaN,NaN,NaN,NaN,NaN,NaN,NaN,NaN,4.191,0,0,0,1,0,0,0,0,0,0,0,0,0,0,0,0,0,0,0,0,0,0,0,0,1
1203,9,82.08,87.08,11,0,0.08,0,0,0,0,0,0,0,0,0.76,0,0,0,0,0,0,0,0,0,0,0,0,0,0,NaN,0.4,NaN,NaN,NaN,NaN,NaN,NaN,NaN,NaN,1.9,NaN,NaN,NaN,NaN,NaN,NaN,NaN,NaN,NaN,NaN,NaN,NaN,NaN,NaN,0,1,0,0,0,0,0,0,0,0,2,0,0,0,0,0,0,0,0,0,0,0,0,0,0,0,0,0,0,0,0,0,0,0.0666,0,0.4308,0,0,0.0532,0,0,0,0,0,0,0,0,0,0,0.1868,NaN,NaN,NaN,NaN,NaN,NaN,NaN,NaN,0.333,NaN,1.077,NaN,NaN,0.266,NaN,NaN,NaN,NaN,NaN,NaN,NaN,NaN,NaN,NaN,0.934,0,0,0,0,0,0,0,0,1,0,2,0,0,1,0,0,0,0,0,0,0,0,0,0,1
1203,10,86.648,91.648,11,0,0,0.8096,0,0,0,0,0,0,0,0.1704,0,0,0,0,0,0,0,0,0,0,0,0,0,0,NaN,NaN,4.048,NaN,NaN,NaN,NaN,NaN,NaN,NaN,0.852,NaN,NaN,NaN,NaN,NaN,NaN,NaN,NaN,NaN,NaN,NaN,NaN,NaN,NaN,0,0,1,0,0,0,0,0,0,0,1,0,0,0,0,0,0,0,0,0,0,0,0,0,0,0,0,0,0,0,0,0,0,0,0,0.0696,0,0,0,0,0,0,0,0,0,0,0,0,0,0.44,NaN,NaN,NaN,NaN,NaN,NaN,NaN,NaN,NaN,NaN,0.348,NaN,NaN,NaN,NaN,NaN,NaN,NaN,NaN,NaN,NaN,NaN,NaN,NaN,1.1,0,0,0,0,0,0,0,0,0,0,1,0,0,0,0,0,0,0,0,0,0,0,0,0,2
1203,11,91.081,96.081,11,0,0.38,0.2038,0,0,0,0,0,0,0,0.3428,0,0,0,0,0,0,0,0,0,0,0,0,0,0,NaN,1.9,1.019,NaN,NaN,NaN,NaN,NaN,NaN,NaN,1.714,NaN,NaN,NaN,NaN,NaN,NaN,NaN,NaN,NaN,NaN,NaN,NaN,NaN,NaN,0,1,1,0,0,0,0,0,0,0,1,0,0,0,0,0,0,0,0,0,0,0,0,0,0,0,0,0,0,0,0,0,0,0,0,0.6162,0,0,0,0,0,0,0,0,0,0,0,0,0,0.1868,NaN,NaN,NaN,NaN,NaN,NaN,NaN,NaN,NaN,NaN,1.5405,NaN,NaN,NaN,NaN,NaN,NaN,NaN,NaN,NaN,NaN,NaN,NaN,NaN,0.934,0,0,0,0,0,0,0,0,0,0,2,0,0,0,0,0,0,0,0,0,0,0,0,0,1
1203,12,98.2,103.2,21,0,0,0.266,0,0,0,0,0,0,0,0.506,0,0,0,0,0,0,0,0,0,0,0,0,0,0,NaN,NaN,1.33,NaN,NaN,NaN,NaN,NaN,NaN,NaN,1.265,NaN,NaN,NaN,NaN,NaN,NaN,NaN,NaN,NaN,NaN,NaN,NaN,NaN,NaN,0,0,1,0,0,0,0,0,0,0,2,0,0,0,0,0,0,0,0,0,0,0,0,0,0,0,0,0,0,0,0,0,0,0,0,0.24,0,0,0,0,0,0,0,0.214,0,0,0,0,0,0.252,NaN,NaN,NaN,NaN,NaN,NaN,NaN,NaN,NaN,NaN,1.2,NaN,NaN,NaN,NaN,NaN,NaN,NaN,1.07,NaN,NaN,NaN,NaN,NaN,1.26,0,0,0,0,0,0,0,0,0,0,1,0,0,0,0,0,0,0,1,0,0,0,0,0,1
1203,13,101.97,106.97,21,0,0,0.132,0,0,0,0,0,0,0,0.12,0,0,0,0.06,0,0,0,0.272,0,0.354,0,0,0,0,NaN,NaN,0.66,NaN,NaN,NaN,NaN,NaN,NaN,NaN,0.6,NaN,NaN,NaN,0.3,NaN,NaN,NaN,1.36,NaN,1.77,NaN,NaN,NaN,NaN,0,0,1,0,0,0,0,0,0,0,1,0,0,0,1,0,0,0,1,0,1,0,0,0,0,0,0,0,0,0,0,0,0,0,0,0,0,0,0,0,0,0,0,0.394,0,0.554,0,0,0,0,NaN,NaN,NaN,NaN,NaN,NaN,NaN,NaN,NaN,NaN,NaN,NaN,NaN,NaN,NaN,NaN,NaN,NaN,1.97,NaN,2.77,NaN,NaN,NaN,NaN,0,0,0,0,0,0,0,0,0,0,0,0,0,0,0,0,0,0,1,0,1,0,0,0,0
1203,14,119.42,124.42,12,0,0,0,0,0,0,0,0,0,0,0,0,0,0,0,0,0,0,0,0,1,0,0,0,0,NaN,NaN,NaN,NaN,NaN,NaN,NaN,NaN,NaN,NaN,NaN,NaN,NaN,NaN,NaN,NaN,NaN,NaN,NaN,NaN,5,NaN,NaN,NaN,NaN,0,0,0,0,0,0,0,0,0,0,0,0,0,0,0,0,0,0,0,0,1,0,0,0,0,0,0,0,0,0,0,0,0,0,0,0,0.298,0,0,0.612,0,0,0,0,0,0,0,0,0,0,NaN,NaN,NaN,NaN,NaN,NaN,NaN,NaN,NaN,NaN,NaN,1.49,NaN,NaN,3.06,NaN,NaN,NaN,NaN,NaN,NaN,NaN,NaN,NaN,NaN,0,0,0,0,0,0,0,0,0,0,0,1,0,0,1,0,0,0,0,0,0,0,0,0,0
1203,15,122.86,127.86,12,0,0,0.052,0,0,0,0,0,0,0,0,0.294,0,0,0,0,0,0,0,0,0.622,0,0,0,0,NaN,NaN,0.26,NaN,NaN,NaN,NaN,NaN,NaN,NaN,NaN,1.47,NaN,NaN,NaN,NaN,NaN,NaN,NaN,NaN,3.11,NaN,NaN,NaN,NaN,0,0,1,0,0,0,0,0,0,0,0,1,0,0,0,0,0,0,0,0,1,0,0,0,0,0,0,0,0,0,0,0,0,0,0,0,0.46,0,0,0.014,0,0,0,0,0,0.1,0,0,0,0.1,NaN,NaN,NaN,NaN,NaN,NaN,NaN,NaN,NaN,NaN,NaN,1.15,NaN,NaN,0.07,NaN,NaN,NaN,NaN,NaN,0.25,NaN,NaN,NaN,0.5,0,0,0,0,0,0,0,0,0,0,0,2,0,0,1,0,0,0,0,0,2,0,0,0,1
1203,16,126.28,131.28,12,0,0,0.114,0,0,0,0,0,0,0,0,0.854,0,0,0,0,0,0,0,0,0,0,0,0,0,NaN,NaN,0.57,NaN,NaN,NaN,NaN,NaN,NaN,NaN,NaN,2.135,NaN,NaN,NaN,NaN,NaN,NaN,NaN,NaN,NaN,NaN,NaN,NaN,NaN,0,0,1,0,0,0,0,0,0,0,0,2,0,0,0,0,0,0,0,0,0,0,0,0,0,0,0,0,0,0,0,0,0,0,0,0.08,0.44,0,0,0,0,0,0,0.042,0,0.046,0,0,0,0.18,NaN,NaN,NaN,NaN,NaN,NaN,NaN,NaN,NaN,NaN,0.4,1.1,NaN,NaN,NaN,NaN,NaN,NaN,0.21,NaN,0.23,NaN,NaN,NaN,0.45,0,0,0,0,0,0,0,0,0,0,1,2,0,0,0,0,0,0,1,0,1,0,0,0,2
1203,17,128.03,133.03,16,0,0,0.028,0,0,0,0,0,0,0,0,0.96,0,0,0,0,0,0,0,0,0,0,0,0,0,NaN,NaN,0.14,NaN,NaN,NaN,NaN,NaN,NaN,NaN,NaN,4.8,NaN,NaN,NaN,NaN,NaN,NaN,NaN,NaN,NaN,NaN,NaN,NaN,NaN,0,0,1,0,0,0,0,0,0,0,0,1,0,0,0,0,0,0,0,0,0,0,0,0,0,0,0,0,0,0,0,0,0,0,0,0.08,0.38,0,0.06,0,0,0,0,0.06,0,0,0,0,0,0.08,NaN,NaN,NaN,NaN,NaN,NaN,NaN,NaN,NaN,NaN,0.4,1.9,NaN,0.3,NaN,NaN,NaN,NaN,0.3,NaN,NaN,NaN,NaN,NaN,0.4,0,0,0,0,0,0,0,0,0,0,1,1,0,1,0,0,0,0,1,0,0,0,0,0,1
1203,18,149.94,154.94,13,0,0,0,0,0,0,0,0,0,0,0,0,0,0,0,0.192,0,0,0,0,0.602,0.16,0,0,0,NaN,NaN,NaN,NaN,NaN,NaN,NaN,NaN,NaN,NaN,NaN,NaN,NaN,NaN,NaN,0.96,NaN,NaN,NaN,NaN,3.01,0.8,NaN,NaN,NaN,0,0,0,0,0,0,0,0,0,0,0,0,0,0,0,1,0,0,0,0,1,1,0,0,0,0,0,0,0,0,0,0,0,0,0,0,0,0,0,0,0,0,0,0,0,0.274,0,0,0,0.472,NaN,NaN,NaN,NaN,NaN,NaN,NaN,NaN,NaN,NaN,NaN,NaN,NaN,NaN,NaN,NaN,NaN,NaN,NaN,NaN,1.37,NaN,NaN,NaN,1.18,0,0,0,0,0,0,0,0,0,0,0,0,0,0,0,0,0,0,0,0,1,0,0,0,2
1203,19,152.13,157.13,13,0,0,0,0,0,0,0,0,0,0,0,0,0,0,0.14,0,0,0,0,0,0.826,0,0,0,0,NaN,NaN,NaN,NaN,NaN,NaN,NaN,NaN,NaN,NaN,NaN,NaN,NaN,NaN,0.7,NaN,NaN,NaN,NaN,NaN,2.065,NaN,NaN,NaN,NaN,0,0,0,0,0,0,0,0,0,0,0,0,0,0,1,0,0,0,0,0,2,0,0,0,0,0,0,0,0,0,0,0,0,0,0,0,0,0,0,0,0,0,0,0,0,0.652,0,0,0,0.158,NaN,NaN,NaN,NaN,NaN,NaN,NaN,NaN,NaN,NaN,NaN,NaN,NaN,NaN,NaN,NaN,NaN,NaN,NaN,NaN,3.26,NaN,NaN,NaN,0.395,0,0,0,0,0,0,0,0,0,0,0,0,0,0,0,0,0,0,0,0,1,0,0,0,2
1203,20,158.98,163.98,22,0,0,0,0,0,0,0,0.314,0,0,0,0.054,0,0,0,0,0,0,0,0,0.352,0,0,0,0,NaN,NaN,NaN,NaN,NaN,NaN,NaN,0.785,NaN,NaN,NaN,0.27,NaN,NaN,NaN,NaN,NaN,NaN,NaN,NaN,0.88,NaN,NaN,NaN,NaN,0,0,0,0,0,0,0,2,0,0,0,1,0,0,0,0,0,0,0,0,2,0,0,0,0,0,0,0,0,0,0,0,0,0,0.186,0,0,0,0,0,0,0,0,0,0,0.286,0.25,0,0,0,NaN,NaN,NaN,NaN,NaN,NaN,NaN,NaN,NaN,0.465,NaN,NaN,NaN,NaN,NaN,NaN,NaN,NaN,NaN,NaN,0.715,1.25,NaN,NaN,NaN,0,0,0,0,0,0,0,0,0,2,0,0,0,0,0,0,0,0,0,0,2,1,0,0,0
1203,21,163.58,168.58,22,0,0,0,0,0,0,0,0.126,0,0,0,0,0,0,0,0,0,0,0,0,0.044,0.802,0,0,0,NaN,NaN,NaN,NaN,NaN,NaN,NaN,0.63,NaN,NaN,NaN,NaN,NaN,NaN,NaN,NaN,NaN,NaN,NaN,NaN,0.22,4.01,NaN,NaN,NaN,0,0,0,0,0,0,0,1,0,0,0,0,0,0,0,0,0,0,0,0,1,1,0,0,0,0,0,0,0,0,0,0,0.002,0,0,0,0,0,0,0,0,0,0,0,0,0,0.938,0,0,0,NaN,NaN,NaN,NaN,NaN,NaN,NaN,0.01,NaN,NaN,NaN,NaN,NaN,NaN,NaN,NaN,NaN,NaN,NaN,NaN,NaN,4.69,NaN,NaN,NaN,0,0,0,0,0,0,0,1,0,0,0,0,0,0,0,0,0,0,0,0,0,1,0,0,0
1203,22,190.6,195.6,21,0,0,0,0,0,0,0,0,0,0,0,0,0,0,0,0,0,0,0,0,0.72,0,0,0,0.206,NaN,NaN,NaN,NaN,NaN,NaN,NaN,NaN,NaN,NaN,NaN,NaN,NaN,NaN,NaN,NaN,NaN,NaN,NaN,NaN,3.6,NaN,NaN,NaN,1.03,0,0,0,0,0,0,0,0,0,0,0,0,0,0,0,0,0,0,0,0,1,0,0,0,1,0,0,0,0,0,0,0.18,0.214,0,0,0,0,0,0,0,0,0,0,0,0,0.134,0,0,0.234,0,NaN,NaN,NaN,NaN,NaN,NaN,0.9,0.535,NaN,NaN,NaN,NaN,NaN,NaN,NaN,NaN,NaN,NaN,NaN,NaN,0.67,NaN,NaN,1.17,NaN,0,0,0,0,0,0,1,2,0,0,0,0,0,0,0,0,0,0,0,0,1,0,0,1,0
1203,23,192.18,197.18,21,0,0,0,0,0,0,0,0,0,0,0,0,0,0,0,0,0,0,0.03,0,0.404,0,0,0,0.246,NaN,NaN,NaN,NaN,NaN,NaN,NaN,NaN,NaN,NaN,NaN,NaN,NaN,NaN,NaN,NaN,NaN,NaN,0.15,NaN,2.02,NaN,NaN,NaN,1.23,0,0,0,0,0,0,0,0,0,0,0,0,0,0,0,0,0,0,1,0,1,0,0,0,1,0,0,0,0,0,0,0,0.134,0,0,0,0,0,0,0,0,0,0,0,0,0.188,0,0,0.234,0.1,NaN,NaN,NaN,NaN,NaN,NaN,NaN,0.67,NaN,NaN,NaN,NaN,NaN,NaN,NaN,NaN,NaN,NaN,NaN,NaN,0.94,NaN,NaN,1.17,0.5,0,0,0,0,0,0,0,1,0,0,0,0,0,0,0,0,0,0,0,0,1,0,0,1,1
1203,24,193.53,198.53,21,0,0,0,0,0,0,0,0,0,0,0,0,0,0.12,0.1,0,0,0,0.054,0,0.134,0,0,0,0.246,NaN,NaN,NaN,NaN,NaN,NaN,NaN,NaN,NaN,NaN,NaN,NaN,NaN,0.6,0.5,NaN,NaN,NaN,0.27,NaN,0.67,NaN,NaN,NaN,1.23,0,0,0,0,0,0,0,0,0,0,0,0,0,1,1,0,0,0,1,0,1,0,0,0,1,0,0,0,0,0,0,0,0,0,0,0,0,0,0,0,0,0,0,0,0,0.254,0,0,0.174,0.246,NaN,NaN,NaN,NaN,NaN,NaN,NaN,NaN,NaN,NaN,NaN,NaN,NaN,NaN,NaN,NaN,NaN,NaN,NaN,NaN,0.635,NaN,NaN,0.87,0.615,0,0,0,0,0,0,0,0,0,0,0,0,0,0,0,0,0,0,0,0,2,0,0,1,2
1203,25,198.52,203.52,21,0,0,0,0,0,0,0.24,0,0,0,0,0,0,0,0.282,0.304,0,0,0,0,0,0,0,0,0,NaN,NaN,NaN,NaN,NaN,NaN,1.2,NaN,NaN,NaN,NaN,NaN,NaN,NaN,0.705,1.52,NaN,NaN,NaN,NaN,NaN,NaN,NaN,NaN,NaN,0,0,0,0,0,0,1,0,0,0,0,0,0,0,2,1,0,0,0,0,0,0,0,0,0,0,0,0,0,0,0,0,0,0,0,0,0,0,0,0,0,0,0,0,0,0.09,0,0,0,0.606,NaN,NaN,NaN,NaN,NaN,NaN,NaN,NaN,NaN,NaN,NaN,NaN,NaN,NaN,NaN,NaN,NaN,NaN,NaN,NaN,0.45,NaN,NaN,NaN,1.515,0,0,0,0,0,0,0,0,0,0,0,0,0,0,0,0,0,0,0,0,1,0,0,0,2
1203,26,204.06,209.06,21,0,0.06,0,0,0,0,0.072,0,0,0,0,0,0,0,0,0,0,0,0,0,0.758,0,0,0,0,NaN,0.3,NaN,NaN,NaN,NaN,0.36,NaN,NaN,NaN,NaN,NaN,NaN,NaN,NaN,NaN,NaN,NaN,NaN,NaN,1.2633,NaN,NaN,NaN,NaN,0,1,0,0,0,0,1,0,0,0,0,0,0,0,0,0,0,0,0,0,3,0,0,0,0,0,0,0,0,0,0,0,0,0,0,0,0,0,0,0,0,0,0,0,0,0.908,0,0,0,0.038,NaN,NaN,NaN,NaN,NaN,NaN,NaN,NaN,NaN,NaN,NaN,NaN,NaN,NaN,NaN,NaN,NaN,NaN,NaN,NaN,4.54,NaN,NaN,NaN,0.19,0,0,0,0,0,0,0,0,0,0,0,0,0,0,0,0,0,0,0,0,1,0,0,0,1
1203,27,213.31,218.31,1,0,0,0,0,0,0,0.1,0,0,0,0,0.002,0,0,0,0,0,0,0,0,0.348,0,0,0,0,NaN,NaN,NaN,NaN,NaN,NaN,0.5,NaN,NaN,NaN,NaN,0.01,NaN,NaN,NaN,NaN,NaN,NaN,NaN,NaN,0.87,NaN,NaN,NaN,NaN,0,0,0,0,0,0,1,0,0,0,0,1,0,0,0,0,0,0,0,0,2,0,0,0,0,0,0,0,0.14,0,0,0,0.094,0,0,0.08,0,0,0.16,0,0,0,0,0.072,0,0,0,0,0,0,NaN,NaN,NaN,0.35,NaN,NaN,NaN,0.47,NaN,NaN,0.4,NaN,NaN,0.8,NaN,NaN,NaN,NaN,0.36,NaN,NaN,NaN,NaN,NaN,NaN,0,0,0,2,0,0,0,1,0,0,1,0,0,1,0,0,0,0,1,0,0,0,0,0,0
1203,28,214.53,219.53,11,0,0,0,0,0,0,0.1,0,0,0.026,0.08,0.074,0,0,0,0,0,0,0,0,0.288,0,0,0,0,NaN,NaN,NaN,NaN,NaN,NaN,0.5,NaN,NaN,0.13,0.4,0.37,NaN,NaN,NaN,NaN,NaN,NaN,NaN,NaN,0.72,NaN,NaN,NaN,NaN,0,0,0,0,0,0,1,0,0,1,1,1,0,0,0,0,0,0,0,0,2,0,0,0,0,0,0,0,0.14,0,0,0,0,0,0,0.194,0.02,0,0.16,0,0,0,0,0.072,0,0,0,0,0,0,NaN,NaN,NaN,0.35,NaN,NaN,NaN,NaN,NaN,NaN,0.485,0.1,NaN,0.8,NaN,NaN,NaN,NaN,0.36,NaN,NaN,NaN,NaN,NaN,NaN,0,0,0,2,0,0,0,0,0,0,2,1,0,1,0,0,0,0,1,0,0,0,0,0,0
1203,29,231.48,236.48,11,0,0,0,0,0,0,0.054,0,0,0,0.476,0,0,0,0,0,0,0,0,0,0,0,0,0,0.344,NaN,NaN,NaN,NaN,NaN,NaN,0.27,NaN,NaN,NaN,2.38,NaN,NaN,NaN,NaN,NaN,NaN,NaN,NaN,NaN,NaN,NaN,NaN,NaN,1.72,0,0,0,0,0,0,1,0,0,0,1,0,0,0,0,0,0,0,0,0,0,0,0,0,1,0,0,0,0,0,0,0.14,0,0,0,0.314,0,0,0,0,0,0,0,0.054,0,0,0,0,0,0.278,NaN,NaN,NaN,NaN,NaN,NaN,0.7,NaN,NaN,NaN,1.57,NaN,NaN,NaN,NaN,NaN,NaN,NaN,0.27,NaN,NaN,NaN,NaN,NaN,1.39,0,0,0,0,0,0,1,0,0,0,1,0,0,0,0,0,0,0,1,0,0,0,0,0,1
1203,30,266.7,271.7,2,0,0.06,0,0,0,0,0.046,0,0,0,0.374,0,0,0,0,0,0,0,0,0,0,0,0,0.014,0,NaN,0.3,NaN,NaN,NaN,NaN,0.23,NaN,NaN,NaN,1.87,NaN,NaN,NaN,NaN,NaN,NaN,NaN,NaN,NaN,NaN,NaN,NaN,0.07,NaN,0,1,0,0,0,0,1,0,0,0,1,0,0,0,0,0,0,0,0,0,0,0,0,1,0,0,0,0,0,0,0,0,0,0,0,0.46,0,0,0,0,0,0,0,0.106,0,0,0,0,0,0.08,NaN,NaN,NaN,NaN,NaN,NaN,NaN,NaN,NaN,NaN,1.15,NaN,NaN,NaN,NaN,NaN,NaN,NaN,0.53,NaN,NaN,NaN,NaN,NaN,0.4,0,0,0,0,0,0,0,0,0,0,2,0,0,0,0,0,0,0,1,0,0,0,0,0,1
1203,31,270.37,275.37,2,0,0.208,0,0,0,0,0.186,0,0,0,0.566,0,0,0,0,0,0,0,0,0,0,0,0,0,0,NaN,1.04,NaN,NaN,NaN,NaN,0.93,NaN,NaN,NaN,1.415,NaN,NaN,NaN,NaN,NaN,NaN,NaN,NaN,NaN,NaN,NaN,NaN,NaN,NaN,0,1,0,0,0,0,1,0,0,0,2,0,0,0,0,0,0,0,0,0,0,0,0,0,0,0,0.194,0,0,0,0,0,0,0,0,0.04,0,0,0,0,0,0,0,0.106,0,0,0,0,0,0.28,NaN,0.97,NaN,NaN,NaN,NaN,NaN,NaN,NaN,NaN,0.2,NaN,NaN,NaN,NaN,NaN,NaN,NaN,0.53,NaN,NaN,NaN,NaN,NaN,1.4,0,1,0,0,0,0,0,0,0,0,1,0,0,0,0,0,0,0,1,0,0,0,0,0,1
1203,32,272.5,277.5,2,0,0.388,0,0,0,0,0,0,0,0,0.514,0.046,0,0,0,0,0,0,0,0,0,0,0,0,0,NaN,1.94,NaN,NaN,NaN,NaN,NaN,NaN,NaN,NaN,1.285,0.23,NaN,NaN,NaN,NaN,NaN,NaN,NaN,NaN,NaN,NaN,NaN,NaN,NaN,0,1,0,0,0,0,0,0,0,0,2,1,0,0,0,0,0,0,0,0,0,0,0,0,0,0,0.154,0,0,0,0,0,0,0,0,0,0,0,0,0,0,0,0,0,0,0,0.06,0.04,0,0.54,NaN,0.77,NaN,NaN,NaN,NaN,NaN,NaN,NaN,NaN,NaN,NaN,NaN,NaN,NaN,NaN,NaN,NaN,NaN,NaN,NaN,0.3,0.2,NaN,2.7,0,1,0,0,0,0,0,0,0,0,0,0,0,0,0,0,0,0,0,0,0,1,1,0,1
1203,33,311.26,316.26,10,0,0,0,0,0,0,0,0.2,0,0.208,0.158,0,0,0,0,0,0,0,0,0,0,0.16,0,0.134,0,NaN,NaN,NaN,NaN,NaN,NaN,NaN,1,NaN,1.04,0.79,NaN,NaN,NaN,NaN,NaN,NaN,NaN,NaN,NaN,NaN,0.8,NaN,0.67,NaN,0,0,0,0,0,0,0,1,0,1,1,0,0,0,0,0,0,0,0,0,0,1,0,1,0,0,0,0,0,0,0,0,0,0,0.166,0,0.022,0,0,0.074,0,0,0,0,0,0,0.428,0,0,0.054,NaN,NaN,NaN,NaN,NaN,NaN,NaN,NaN,NaN,0.83,NaN,0.11,NaN,NaN,0.37,NaN,NaN,NaN,NaN,NaN,NaN,1.07,NaN,NaN,0.27,0,0,0,0,0,0,0,0,0,1,0,1,0,0,1,0,0,0,0,0,0,2,0,0,1
1203,34,328.37,333.37,11,0.206,0,0,0,0,0,0,0,0,0,0.748,0,0,0,0,0,0,0,0,0,0,0,0,0,0,1.03,NaN,NaN,NaN,NaN,NaN,NaN,NaN,NaN,NaN,3.74,NaN,NaN,NaN,NaN,NaN,NaN,NaN,NaN,NaN,NaN,NaN,NaN,NaN,NaN,1,0,0,0,0,0,0,0,0,0,1,0,0,0,0,0,0,0,0,0,0,0,0,0,0,0,0,0,0,0,0,0,0,0,0,0.86,0,0,0,0,0,0,0,0,0,0,0,0,0,0.08,NaN,NaN,NaN,NaN,NaN,NaN,NaN,NaN,NaN,NaN,2.15,NaN,NaN,NaN,NaN,NaN,NaN,NaN,NaN,NaN,NaN,NaN,NaN,NaN,0.4,0,0,0,0,0,0,0,0,0,0,2,0,0,0,0,0,0,0,0,0,0,0,0,0,1
1203,35,331.9,336.9,11,0,0,0,0,0,0,0,0,0,0,0.754,0,0,0,0,0,0,0,0,0,0,0,0,0,0,NaN,NaN,NaN,NaN,NaN,NaN,NaN,NaN,NaN,NaN,3.77,NaN,NaN,NaN,NaN,NaN,NaN,NaN,NaN,NaN,NaN,NaN,NaN,NaN,NaN,0,0,0,0,0,0,0,0,0,0,1,0,0,0,0,0,0,0,0,0,0,0,0,0,0,0,0,0,0,0,0,0,0,0,0,0.314,0,0,0,0,0,0,0,0,0,0.426,0,0,0,0,NaN,NaN,NaN,NaN,NaN,NaN,NaN,NaN,NaN,NaN,1.57,NaN,NaN,NaN,NaN,NaN,NaN,NaN,NaN,NaN,2.13,NaN,NaN,NaN,NaN,0,0,0,0,0,0,0,0,0,0,1,0,0,0,0,0,0,0,0,0,1,0,0,0,0
1203,36,335.66,340.66,11,0.018,0,0,0,0,0,0,0,0,0,0.156,0,0,0,0,0,0,0,0,0,0.366,0,0,0,0,0.09,NaN,NaN,NaN,NaN,NaN,NaN,NaN,NaN,NaN,0.39,NaN,NaN,NaN,NaN,NaN,NaN,NaN,NaN,NaN,0.915,NaN,NaN,NaN,NaN,1,0,0,0,0,0,0,0,0,0,2,0,0,0,0,0,0,0,0,0,2,0,0,0,0,0,0,0,0,0,0,0,0,0,0,0,0,0,0,0,0,0,0,0,0,0.48,0,0,0,0.334,NaN,NaN,NaN,NaN,NaN,NaN,NaN,NaN,NaN,NaN,NaN,NaN,NaN,NaN,NaN,NaN,NaN,NaN,NaN,NaN,1.2,NaN,NaN,NaN,1.67,0,0,0,0,0,0,0,0,0,0,0,0,0,0,0,0,0,0,0,0,2,0,0,0,1
1203,37,357.14,362.14,4,0.026,0,0,0.454,0,0,0,0,0.046,0,0,0,0,0,0,0.066,0,0,0,0,0.18,0,0,0,0,0.13,NaN,NaN,2.27,NaN,NaN,NaN,NaN,0.23,NaN,NaN,NaN,NaN,NaN,NaN,0.33,NaN,NaN,NaN,NaN,0.9,NaN,NaN,NaN,NaN,1,0,0,1,0,0,0,0,1,0,0,0,0,0,0,1,0,0,0,0,1,0,0,0,0,0,0,0,0.634,0,0,0,0,0,0,0,0,0,0,0,0,0,0,0,0,0,0,0,0,0.294,NaN,NaN,NaN,1.585,NaN,NaN,NaN,NaN,NaN,NaN,NaN,NaN,NaN,NaN,NaN,NaN,NaN,NaN,NaN,NaN,NaN,NaN,NaN,NaN,1.47,0,0,0,2,0,0,0,0,0,0,0,0,0,0,0,0,0,0,0,0,0,0,0,0,1
1203,38,362.74,367.74,4,0.14,0,0,0.612,0,0,0,0,0,0,0,0,0,0.068,0,0.048,0,0,0,0,0,0,0,0,0,0.7,NaN,NaN,3.06,NaN,NaN,NaN,NaN,NaN,NaN,NaN,NaN,NaN,0.34,NaN,0.24,NaN,NaN,NaN,NaN,NaN,NaN,NaN,NaN,NaN,1,0,0,1,0,0,0,0,0,0,0,0,0,1,0,1,0,0,0,0,0,0,0,0,0,0,0,0,0.504,0,0,0,0,0,0,0,0,0,0.228,0,0,0,0,0,0,0,0,0,0,0.14,NaN,NaN,NaN,0.84,NaN,NaN,NaN,NaN,NaN,NaN,NaN,NaN,NaN,1.14,NaN,NaN,NaN,NaN,NaN,NaN,NaN,NaN,NaN,NaN,0.35,0,0,0,3,0,0,0,0,0,0,0,0,0,1,0,0,0,0,0,0,0,0,0,0,2
1203,39,364.34,369.34,4,0.14,0,0,0.292,0,0,0,0,0,0,0,0,0,0.334,0,0.048,0,0,0,0,0.042,0,0,0,0,0.7,NaN,NaN,1.46,NaN,NaN,NaN,NaN,NaN,NaN,NaN,NaN,NaN,1.67,NaN,0.24,NaN,NaN,NaN,NaN,0.21,NaN,NaN,NaN,NaN,1,0,0,1,0,0,0,0,0,0,0,0,0,1,0,1,0,0,0,0,1,0,0,0,0,0.06,0,0,0.472,0,0,0,0,0,0,0,0,0,0.234,0,0,0,0,0,0,0,0,0,0,0.094,0.3,NaN,NaN,0.78667,NaN,NaN,NaN,NaN,NaN,NaN,NaN,NaN,NaN,1.17,NaN,NaN,NaN,NaN,NaN,NaN,NaN,NaN,NaN,NaN,0.47,1,0,0,3,0,0,0,0,0,0,0,0,0,1,0,0,0,0,0,0,0,0,0,0,1
1203,40,368.72,373.72,11,0,0,0,0,0,0,0,0,0,0,0.408,0,0,0.07,0,0,0,0,0,0,0.18,0,0,0,0,NaN,NaN,NaN,NaN,NaN,NaN,NaN,NaN,NaN,NaN,2.04,NaN,NaN,0.35,NaN,NaN,NaN,NaN,NaN,NaN,0.9,NaN,NaN,NaN,NaN,0,0,0,0,0,0,0,0,0,0,1,0,0,1,0,0,0,0,0,0,1,0,0,0,0,0,0,0,0.502,0,0,0,0,0,0,0.13,0,0,0,0,0,0,0,0,0,0,0,0,0,0,NaN,NaN,NaN,1.255,NaN,NaN,NaN,NaN,NaN,NaN,0.65,NaN,NaN,NaN,NaN,NaN,NaN,NaN,NaN,NaN,NaN,NaN,NaN,NaN,NaN,0,0,0,2,0,0,0,0,0,0,1,0,0,0,0,0,0,0,0,0,0,0,0,0,0
1203,41,410.05,415.05,11,0,0,0,0,0,0,0,0,0,0,0,0,0,0,0,0,0,0,0,0,0,0,0,0,0.11,NaN,NaN,NaN,NaN,NaN,NaN,NaN,NaN,NaN,NaN,NaN,NaN,NaN,NaN,NaN,NaN,NaN,NaN,NaN,NaN,NaN,NaN,NaN,NaN,0.275,0,0,0,0,0,0,0,0,0,0,0,0,0,0,0,0,0,0,0,0,0,0,0,0,2,0,0,0,0,0,0,0,0,0,0,0.402,0,0,0,0,0,0,0,0,0,0,0,0,0,0.41,NaN,NaN,NaN,NaN,NaN,NaN,NaN,NaN,NaN,NaN,1.005,NaN,NaN,NaN,NaN,NaN,NaN,NaN,NaN,NaN,NaN,NaN,NaN,NaN,1.025,0,0,0,0,0,0,0,0,0,0,2,0,0,0,0,0,0,0,0,0,0,0,0,0,2
1203,42,411.95,416.95,11,0,0,0,0,0,0,0,0,0,0,0,0,0,0,0,0,0,0,0,0,0,0,0,0,0.066,NaN,NaN,NaN,NaN,NaN,NaN,NaN,NaN,NaN,NaN,NaN,NaN,NaN,NaN,NaN,NaN,NaN,NaN,NaN,NaN,NaN,NaN,NaN,NaN,0.33,0,0,0,0,0,0,0,0,0,0,0,0,0,0,0,0,0,0,0,0,0,0,0,0,1,0,0,0,0,0,0,0,0,0,0,0.482,0,0,0,0,0,0,0,0,0,0,0,0,0.05,0.366,NaN,NaN,NaN,NaN,NaN,NaN,NaN,NaN,NaN,NaN,1.205,NaN,NaN,NaN,NaN,NaN,NaN,NaN,NaN,NaN,NaN,NaN,NaN,0.25,0.915,0,0,0,0,0,0,0,0,0,0,2,0,0,0,0,0,0,0,0,0,0,0,0,1,2
1203,43,413.97,418.97,11,0,0,0,0,0,0,0,0,0,0,0,0,0,0,0,0,0,0,0,0,0,0,0,0,0.032,NaN,NaN,NaN,NaN,NaN,NaN,NaN,NaN,NaN,NaN,NaN,NaN,NaN,NaN,NaN,NaN,NaN,NaN,NaN,NaN,NaN,NaN,NaN,NaN,0.16,0,0,0,0,0,0,0,0,0,0,0,0,0,0,0,0,0,0,0,0,0,0,0,0,1,0,0,0,0,0,0,0,0,0.014,0,0.252,0,0,0,0,0,0,0,0,0,0,0,0,0.066,0.418,NaN,NaN,NaN,NaN,NaN,NaN,NaN,NaN,0.07,NaN,1.26,NaN,NaN,NaN,NaN,NaN,NaN,NaN,NaN,NaN,NaN,NaN,NaN,0.33,0.69667,0,0,0,0,0,0,0,0,1,0,1,0,0,0,0,0,0,0,0,0,0,0,0,1,3
1203,44,423.05,428.05,5,0,0,0,0,0.31,0,0,0,0,0,0.34,0,0.08,0,0,0,0,0,0,0,0.124,0,0,0,0.06,NaN,NaN,NaN,NaN,0.775,NaN,NaN,NaN,NaN,NaN,1.7,NaN,0.4,NaN,NaN,NaN,NaN,NaN,NaN,NaN,0.62,NaN,NaN,NaN,0.3,0,0,0,0,2,0,0,0,0,0,1,0,1,0,0,0,0,0,0,0,1,0,0,0,1,0,0,0,0,0.128,0,0,0,0,0,0,0,0,0,0,0,0,0.054,0.06,0,0,0,0,0,0.494,NaN,NaN,NaN,NaN,0.64,NaN,NaN,NaN,NaN,NaN,NaN,NaN,NaN,NaN,NaN,NaN,NaN,0.27,0.3,NaN,NaN,NaN,NaN,NaN,1.235,0,0,0,0,1,0,0,0,0,0,0,0,0,0,0,0,0,1,1,0,0,0,0,0,2
1203,45,464.29,469.29,2,0,0,0,0,0,0,0,0,0,0,0,0,0,0,0,0,0,0,0,0,0,0,0.118,0,0.328,NaN,NaN,NaN,NaN,NaN,NaN,NaN,NaN,NaN,NaN,NaN,NaN,NaN,NaN,NaN,NaN,NaN,NaN,NaN,NaN,NaN,NaN,0.59,NaN,1.64,0,0,0,0,0,0,0,0,0,0,0,0,0,0,0,0,0,0,0,0,0,0,1,0,1,0,0.324,0,0,0,0,0,0,0,0,0,0,0,0,0,0,0,0,0,0,0,0,0.092,0,0.376,NaN,1.62,NaN,NaN,NaN,NaN,NaN,NaN,NaN,NaN,NaN,NaN,NaN,NaN,NaN,NaN,NaN,NaN,NaN,NaN,NaN,NaN,0.46,NaN,0.94,0,1,0,0,0,0,0,0,0,0,0,0,0,0,0,0,0,0,0,0,0,0,1,0,2
1203,46,468.33,473.33,2,0,0,0,0,0,0,0,0,0,0,0.392,0.094,0,0,0,0.072,0,0,0,0,0,0,0.286,0.006,0,NaN,NaN,NaN,NaN,NaN,NaN,NaN,NaN,NaN,NaN,0.98,0.47,NaN,NaN,NaN,0.36,NaN,NaN,NaN,NaN,NaN,NaN,1.43,0.03,NaN,0,0,0,0,0,0,0,0,0,0,2,1,0,0,0,1,0,0,0,0,0,0,1,1,0,0,0.282,0,0,0,0,0,0,0,0,0.058,0,0,0,0,0,0,0,0,0,0,0,0.266,0,0,NaN,0.705,NaN,NaN,NaN,NaN,NaN,NaN,NaN,NaN,0.145,NaN,NaN,NaN,NaN,NaN,NaN,NaN,NaN,NaN,NaN,NaN,1.33,NaN,NaN,0,2,0,0,0,0,0,0,0,0,2,0,0,0,0,0,0,0,0,0,0,0,1,0,0
1203,47,471.45,476.45,2,0,0,0,0,0,0,0,0,0,0,0.5,0,0,0,0,0.072,0,0,0,0,0,0,0,0.38,0,NaN,NaN,NaN,NaN,NaN,NaN,NaN,NaN,NaN,NaN,0.83333,NaN,NaN,NaN,NaN,0.36,NaN,NaN,NaN,NaN,NaN,NaN,NaN,1.9,NaN,0,0,0,0,0,0,0,0,0,0,3,0,0,0,0,1,0,0,0,0,0,0,0,1,0,0,0,0,0,0,0,0,0,0,0,0.682,0,0,0,0,0,0,0,0,0,0,0,0.116,0,0,NaN,NaN,NaN,NaN,NaN,NaN,NaN,NaN,NaN,NaN,1.705,NaN,NaN,NaN,NaN,NaN,NaN,NaN,NaN,NaN,NaN,NaN,0.58,NaN,NaN,0,0,0,0,0,0,0,0,0,0,2,0,0,0,0,0,0,0,0,0,0,0,1,0,0
1203,48,496.51,501.51,11,0,0,0,0,0,0,0,0,0,0,0.7,0,0,0,0,0,0,0,0,0,0,0,0,0,0,NaN,NaN,NaN,NaN,NaN,NaN,NaN,NaN,NaN,NaN,1.75,NaN,NaN,NaN,NaN,NaN,NaN,NaN,NaN,NaN,NaN,NaN,NaN,NaN,NaN,0,0,0,0,0,0,0,0,0,0,2,0,0,0,0,0,0,0,0,0,0,0,0,0,0,0,0,0,0,0,0,0,0,0,0,0.502,0,0,0,0,0,0,0,0,0,0,0,0,0,0.18,NaN,NaN,NaN,NaN,NaN,NaN,NaN,NaN,NaN,NaN,0.83667,NaN,NaN,NaN,NaN,NaN,NaN,NaN,NaN,NaN,NaN,NaN,NaN,NaN,0.45,0,0,0,0,0,0,0,0,0,0,3,0,0,0,0,0,0,0,0,0,0,0,0,0,2
1203,49,499.5,504.5,11,0,0,0,0,0,0,0,0,0,0,0.7,0,0,0,0,0,0,0,0,0,0,0,0,0,0,NaN,NaN,NaN,NaN,NaN,NaN,NaN,NaN,NaN,NaN,1.75,NaN,NaN,NaN,NaN,NaN,NaN,NaN,NaN,NaN,NaN,NaN,NaN,NaN,NaN,0,0,0,0,0,0,0,0,0,0,2,0,0,0,0,0,0,0,0,0,0,0,0,0,0,0,0,0,0,0,0,0,0,0,0,0.714,0,0,0,0,0,0,0,0,0,0,0,0,0,0.068,NaN,NaN,NaN,NaN,NaN,NaN,NaN,NaN,NaN,NaN,3.57,NaN,NaN,NaN,NaN,NaN,NaN,NaN,NaN,NaN,NaN,NaN,NaN,NaN,0.34,0,0,0,0,0,0,0,0,0,0,1,0,0,0,0,0,0,0,0,0,0,0,0,0,1
1203,50,501.89,506.89,21,0,0,0.06,0,0.012,0,0,0,0,0,0.688,0,0,0,0,0,0,0,0,0,0.048,0,0,0,0,NaN,NaN,0.3,NaN,0.06,NaN,NaN,NaN,NaN,NaN,3.44,NaN,NaN,NaN,NaN,NaN,NaN,NaN,NaN,NaN,0.24,NaN,NaN,NaN,NaN,0,0,1,0,1,0,0,0,0,0,1,0,0,0,0,0,0,0,0,0,1,0,0,0,0,0,0,0,0,0,0,0,0,0,0,0.588,0,0,0,0,0,0,0,0,0,0.398,0,0,0,0,NaN,NaN,NaN,NaN,NaN,NaN,NaN,NaN,NaN,NaN,2.94,NaN,NaN,NaN,NaN,NaN,NaN,NaN,NaN,NaN,1.99,NaN,NaN,NaN,NaN,0,0,0,0,0,0,0,0,0,0,1,0,0,0,0,0,0,0,0,0,1,0,0,0,0
1203,51,508.54,513.54,7,0,0,0,0,0,0,0.146,0,0,0,0,0,0.046,0,0,0,0,0,0,0,0.454,0,0,0,0,NaN,NaN,NaN,NaN,NaN,NaN,0.73,NaN,NaN,NaN,NaN,NaN,0.23,NaN,NaN,NaN,NaN,NaN,NaN,NaN,1.135,NaN,NaN,NaN,NaN,0,0,0,0,0,0,1,0,0,0,0,0,1,0,0,0,0,0,0,0,2,0,0,0,0,0,0,0,0,0,0,0.774,0,0,0,0,0,0,0,0,0,0,0,0,0,0,0,0,0,0.074,NaN,NaN,NaN,NaN,NaN,NaN,3.87,NaN,NaN,NaN,NaN,NaN,NaN,NaN,NaN,NaN,NaN,NaN,NaN,NaN,NaN,NaN,NaN,NaN,0.37,0,0,0,0,0,0,1,0,0,0,0,0,0,0,0,0,0,0,0,0,0,0,0,0,1
1203,52,533.07,538.07,7,0,0,0,0,0,0,0,0,0,0,0,0,0,0,0,0,0,0,0,0,0,0,0,0,0.052,NaN,NaN,NaN,NaN,NaN,NaN,NaN,NaN,NaN,NaN,NaN,NaN,NaN,NaN,NaN,NaN,NaN,NaN,NaN,NaN,NaN,NaN,NaN,NaN,0.26,0,0,0,0,0,0,0,0,0,0,0,0,0,0,0,0,0,0,0,0,0,0,0,0,1,0,0,0,0,0,0,0.44,0,0,0,0,0,0,0,0,0,0,0,0,0,0,0,0,0,0.378,NaN,NaN,NaN,NaN,NaN,NaN,2.2,NaN,NaN,NaN,NaN,NaN,NaN,NaN,NaN,NaN,NaN,NaN,NaN,NaN,NaN,NaN,NaN,NaN,0.945,0,0,0,0,0,0,1,0,0,0,0,0,0,0,0,0,0,0,0,0,0,0,0,0,2
1203,53,535.93,540.93,7,0,0,0,0,0,0,0.194,0,0,0,0,0,0,0,0,0,0,0,0,0,0,0,0,0,0.052,NaN,NaN,NaN,NaN,NaN,NaN,0.97,NaN,NaN,NaN,NaN,NaN,NaN,NaN,NaN,NaN,NaN,NaN,NaN,NaN,NaN,NaN,NaN,NaN,0.26,0,0,0,0,0,0,1,0,0,0,0,0,0,0,0,0,0,0,0,0,0,0,0,0,1,0,0,0,0,0,0,0.594,0,0,0,0,0.094,0,0,0,0,0,0,0,0,0,0,0,0,0.166,NaN,NaN,NaN,NaN,NaN,NaN,0.99,NaN,NaN,NaN,NaN,0.47,NaN,NaN,NaN,NaN,NaN,NaN,NaN,NaN,NaN,NaN,NaN,NaN,0.415,0,0,0,0,0,0,3,0,0,0,0,1,0,0,0,0,0,0,0,0,0,0,0,0,2
1203,54,538.09,543.09,7,0,0,0,0,0,0,0.598,0,0,0,0,0,0,0,0,0,0,0,0,0,0,0,0,0,0,NaN,NaN,NaN,NaN,NaN,NaN,1.495,NaN,NaN,NaN,NaN,NaN,NaN,NaN,NaN,NaN,NaN,NaN,NaN,NaN,NaN,NaN,NaN,NaN,NaN,0,0,0,0,0,0,2,0,0,0,0,0,0,0,0,0,0,0,0,0,0,0,0,0,0,0,0,0,0,0,0,0.468,0,0,0,0,0.094,0,0,0,0,0,0,0,0,0,0,0,0,0.166,NaN,NaN,NaN,NaN,NaN,NaN,0.585,NaN,NaN,NaN,NaN,0.47,NaN,NaN,NaN,NaN,NaN,NaN,NaN,NaN,NaN,NaN,NaN,NaN,0.415,0,0,0,0,0,0,4,0,0,0,0,1,0,0,0,0,0,0,0,0,0,0,0,0,2
1203,55,541.04,546.04,7,0,0,0,0,0,0,0.806,0,0,0,0,0,0,0,0,0,0,0,0,0,0,0,0,0,0,NaN,NaN,NaN,NaN,NaN,NaN,2.015,NaN,NaN,NaN,NaN,NaN,NaN,NaN,NaN,NaN,NaN,NaN,NaN,NaN,NaN,NaN,NaN,NaN,NaN,0,0,0,0,0,0,2,0,0,0,0,0,0,0,0,0,0,0,0,0,0,0,0,0,0,0,0,0,0,0,0,0.78,0,0,0,0,0,0,0,0,0,0,0,0,0,0,0,0,0,0.054,NaN,NaN,NaN,NaN,NaN,NaN,1.3,NaN,NaN,NaN,NaN,NaN,NaN,NaN,NaN,NaN,NaN,NaN,NaN,NaN,NaN,NaN,NaN,NaN,0.27,0,0,0,0,0,0,3,0,0,0,0,0,0,0,0,0,0,0,0,0,0,0,0,0,1
1203,56,543.45,548.45,7,0,0,0,0,0,0,0.452,0,0,0,0,0.246,0,0,0,0.08,0,0,0,0,0,0,0,0,0,NaN,NaN,NaN,NaN,NaN,NaN,0.75333,NaN,NaN,NaN,NaN,1.23,NaN,NaN,NaN,0.4,NaN,NaN,NaN,NaN,NaN,NaN,NaN,NaN,NaN,0,0,0,0,0,0,3,0,0,0,0,1,0,0,0,1,0,0,0,0,0,0,0,0,0,0,0,0,0,0,0,0.906,0,0,0,0,0,0,0,0,0,0,0,0,0,0,0,0,0,0.054,NaN,NaN,NaN,NaN,NaN,NaN,2.265,NaN,NaN,NaN,NaN,NaN,NaN,NaN,NaN,NaN,NaN,NaN,NaN,NaN,NaN,NaN,NaN,NaN,0.27,0,0,0,0,0,0,2,0,0,0,0,0,0,0,0,0,0,0,0,0,0,0,0,0,1
1203,57,548.13,553.13,7,0,0,0,0,0,0,0.66,0,0,0,0,0,0,0,0,0.048,0,0,0,0,0,0,0,0,0,NaN,NaN,NaN,NaN,NaN,NaN,3.3,NaN,NaN,NaN,NaN,NaN,NaN,NaN,NaN,0.24,NaN,NaN,NaN,NaN,NaN,NaN,NaN,NaN,NaN,0,0,0,0,0,0,1,0,0,0,0,0,0,0,0,1,0,0,0,0,0,0,0,0,0,0,0,0,0,0,0,0.668,0,0,0,0,0,0,0,0,0,0,0,0,0,0,0,0,0,0.16,NaN,NaN,NaN,NaN,NaN,NaN,1.67,NaN,NaN,NaN,NaN,NaN,NaN,NaN,NaN,NaN,NaN,NaN,NaN,NaN,NaN,NaN,NaN,NaN,0.8,0,0,0,0,0,0,2,0,0,0,0,0,0,0,0,0,0,0,0,0,0,0,0,0,1
1203,58,550.79,555.79,7,0,0,0,0,0,0,0.188,0,0,0,0,0,0,0,0,0,0,0,0,0,0,0,0,0.052,0,NaN,NaN,NaN,NaN,NaN,NaN,0.94,NaN,NaN,NaN,NaN,NaN,NaN,NaN,NaN,NaN,NaN,NaN,NaN,NaN,NaN,NaN,NaN,0.26,NaN,0,0,0,0,0,0,1,0,0,0,0,0,0,0,0,0,0,0,0,0,0,0,0,1,0,0,0,0,0,0,0,0.334,0,0,0,0,0,0,0,0,0,0,0,0,0,0,0,0,0,0.294,NaN,NaN,NaN,NaN,NaN,NaN,0.4175,NaN,NaN,NaN,NaN,NaN,NaN,NaN,NaN,NaN,NaN,NaN,NaN,NaN,NaN,NaN,NaN,NaN,0.735,0,0,0,0,0,0,4,0,0,0,0,0,0,0,0,0,0,0,0,0,0,0,0,0,2
1203,59,552.74,557.74,7,0,0,0,0,0,0,0,0,0,0,0,0,0,0,0,0,0,0,0,0,0,0,0,0.442,0,NaN,NaN,NaN,NaN,NaN,NaN,NaN,NaN,NaN,NaN,NaN,NaN,NaN,NaN,NaN,NaN,NaN,NaN,NaN,NaN,NaN,NaN,NaN,2.21,NaN,0,0,0,0,0,0,0,0,0,0,0,0,0,0,0,0,0,0,0,0,0,0,0,1,0,0,0,0,0,0,0,0.588,0,0,0,0,0,0,0,0,0,0,0,0,0,0,0,0,0,0.134,NaN,NaN,NaN,NaN,NaN,NaN,1.47,NaN,NaN,NaN,NaN,NaN,NaN,NaN,NaN,NaN,NaN,NaN,NaN,NaN,NaN,NaN,NaN,NaN,0.67,0,0,0,0,0,0,2,0,0,0,0,0,0,0,0,0,0,0,0,0,0,0,0,0,1
1203,60,554.93,559.93,7,0,0,0,0,0,0,0,0,0,0,0,0,0,0,0,0,0,0,0,0,0,0,0,0.528,0,NaN,NaN,NaN,NaN,NaN,NaN,NaN,NaN,NaN,NaN,NaN,NaN,NaN,NaN,NaN,NaN,NaN,NaN,NaN,NaN,NaN,NaN,NaN,2.64,NaN,0,0,0,0,0,0,0,0,0,0,0,0,0,0,0,0,0,0,0,0,0,0,0,1,0,0,0,0,0,0,0,0.838,0,0,0,0,0,0,0,0,0,0,0,0,0,0,0,0,0,0,NaN,NaN,NaN,NaN,NaN,NaN,2.095,NaN,NaN,NaN,NaN,NaN,NaN,NaN,NaN,NaN,NaN,NaN,NaN,NaN,NaN,NaN,NaN,NaN,NaN,0,0,0,0,0,0,2,0,0,0,0,0,0,0,0,0,0,0,0,0,0,0,0,0,0
1203,61,556.66,561.66,7,0,0,0,0,0,0,0,0,0,0,0,0,0,0,0,0.054,0,0,0,0,0,0,0,0.302,0,NaN,NaN,NaN,NaN,NaN,NaN,NaN,NaN,NaN,NaN,NaN,NaN,NaN,NaN,NaN,0.27,NaN,NaN,NaN,NaN,NaN,NaN,NaN,1.51,NaN,0,0,0,0,0,0,0,0,0,0,0,0,0,0,0,1,0,0,0,0,0,0,0,1,0,0,0,0,0,0,0,0.654,0,0,0,0,0,0,0,0,0,0,0,0,0,0,0,0,0,0.166,NaN,NaN,NaN,NaN,NaN,NaN,1.635,NaN,NaN,NaN,NaN,NaN,NaN,NaN,NaN,NaN,NaN,NaN,NaN,NaN,NaN,NaN,NaN,NaN,0.83,0,0,0,0,0,0,2,0,0,0,0,0,0,0,0,0,0,0,0,0,0,0,0,0,1
1203,62,560.8,565.8,7,0,0,0,0,0,0,0.214,0,0,0,0.134,0.28,0,0,0,0.16,0,0,0,0,0,0,0,0,0,NaN,NaN,NaN,NaN,NaN,NaN,1.07,NaN,NaN,NaN,0.67,1.4,NaN,NaN,NaN,0.4,NaN,NaN,NaN,NaN,NaN,NaN,NaN,NaN,NaN,0,0,0,0,0,0,1,0,0,0,1,1,0,0,0,2,0,0,0,0,0,0,0,0,0,0.014,0,0,0,0,0,0.308,0,0,0,0,0,0,0,0,0,0,0,0,0,0,0,0,0,0.428,0.07,NaN,NaN,NaN,NaN,NaN,1.54,NaN,NaN,NaN,NaN,NaN,NaN,NaN,NaN,NaN,NaN,NaN,NaN,NaN,NaN,NaN,NaN,NaN,2.14,1,0,0,0,0,0,1,0,0,0,0,0,0,0,0,0,0,0,0,0,0,0,0,0,1
1203,63,563.19,568.19,5,0,0,0,0,0,0,0.058,0,0,0,0.096,0.28,0,0.112,0,0.4,0,0,0,0,0,0,0,0,0,NaN,NaN,NaN,NaN,NaN,NaN,0.29,NaN,NaN,NaN,0.48,1.4,NaN,0.56,NaN,2,NaN,NaN,NaN,NaN,NaN,NaN,NaN,NaN,NaN,0,0,0,0,0,0,1,0,0,0,1,1,0,1,0,1,0,0,0,0,0,0,0,0,0,0.214,0,0,0,0.172,0,0.308,0,0,0,0,0,0,0,0,0,0,0,0,0,0,0,0,0,0,1.07,NaN,NaN,NaN,0.86,NaN,1.54,NaN,NaN,NaN,NaN,NaN,NaN,NaN,NaN,NaN,NaN,NaN,NaN,NaN,NaN,NaN,NaN,NaN,NaN,1,0,0,0,1,0,1,0,0,0,0,0,0,0,0,0,0,0,0,0,0,0,0,0,0
1203,64,567.92,572.92,4,0,0,0,0,0,0,0.096,0,0,0,0.57,0,0,0,0,0,0,0,0,0,0,0,0,0,0,NaN,NaN,NaN,NaN,NaN,NaN,0.48,NaN,NaN,NaN,1.425,NaN,NaN,NaN,NaN,NaN,NaN,NaN,NaN,NaN,NaN,NaN,NaN,NaN,NaN,0,0,0,0,0,0,1,0,0,0,2,0,0,0,0,0,0,0,0,0,0,0,0,0,0,0,0,0,0.114,0.23,0,0,0.37,0,0,0,0,0.072,0,0,0,0,0,0,0,0,0,0,0,0.092,NaN,NaN,NaN,0.57,1.15,NaN,NaN,1.85,NaN,NaN,NaN,NaN,0.36,NaN,NaN,NaN,NaN,NaN,NaN,NaN,NaN,NaN,NaN,NaN,0.46,0,0,0,1,1,0,0,1,0,0,0,0,1,0,0,0,0,0,0,0,0,0,0,0,1
1203,65,568.73,573.73,4,0,0,0,0,0.072,0,0,0,0,0,0.594,0,0,0,0,0,0,0,0,0,0,0,0,0,0,NaN,NaN,NaN,NaN,0.36,NaN,NaN,NaN,NaN,NaN,1.485,NaN,NaN,NaN,NaN,NaN,NaN,NaN,NaN,NaN,NaN,NaN,NaN,NaN,NaN,0,0,0,0,1,0,0,0,0,0,2,0,0,0,0,0,0,0,0,0,0,0,0,0,0,0,0,0,0.154,0.068,0,0,0.492,0,0,0,0,0.072,0,0,0,0,0,0,0,0,0,0,0,0.092,NaN,NaN,NaN,0.385,0.34,NaN,NaN,2.46,NaN,NaN,NaN,NaN,0.36,NaN,NaN,NaN,NaN,NaN,NaN,NaN,NaN,NaN,NaN,NaN,0.46,0,0,0,2,1,0,0,1,0,0,0,0,1,0,0,0,0,0,0,0,0,0,0,0,1
1203,66,571.98,576.98,3,0,0,0,0,0.132,0,0,0,0,0,0.258,0,0,0.476,0,0.094,0,0,0,0,0,0,0,0,0,NaN,NaN,NaN,NaN,0.66,NaN,NaN,NaN,NaN,NaN,1.29,NaN,NaN,2.38,NaN,0.47,NaN,NaN,NaN,NaN,NaN,NaN,NaN,NaN,NaN,0,0,0,0,1,0,0,0,0,0,1,0,0,1,0,1,0,0,0,0,0,0,0,0,0,0,0,0,0.208,0,0,0,0.31,0,0,0,0,0.2,0,0,0,0,0,0,0,0,0,0,0,0.06,NaN,NaN,NaN,1.04,NaN,NaN,NaN,1.55,NaN,NaN,NaN,NaN,1,NaN,NaN,NaN,NaN,NaN,NaN,NaN,NaN,NaN,NaN,NaN,0.3,0,0,0,1,0,0,0,1,0,0,0,0,1,0,0,0,0,0,0,0,0,0,0,0,1
1203,67,574.1,579.1,3,0,0,0.1,0,0,0,0,0,0,0,0,0,0,0.8,0,0.094,0,0,0,0,0,0,0,0,0,NaN,NaN,0.5,NaN,NaN,NaN,NaN,NaN,NaN,NaN,NaN,NaN,NaN,4,NaN,0.47,NaN,NaN,NaN,NaN,NaN,NaN,NaN,NaN,NaN,0,0,1,0,0,0,0,0,0,0,0,0,0,1,0,1,0,0,0,0,0,0,0,0,0,0,0,0.126,0.094,0,0,0,0,0,0,0,0,0.2,0.074,0,0,0,0,0,0,0,0,0,0,0.114,NaN,NaN,0.315,0.47,NaN,NaN,NaN,NaN,NaN,NaN,NaN,NaN,1,0.37,NaN,NaN,NaN,NaN,NaN,NaN,NaN,NaN,NaN,NaN,0.285,0,0,2,1,0,0,0,0,0,0,0,0,1,1,0,0,0,0,0,0,0,0,0,0,2
1203,68,584.72,589.72,3,0,0,1,0,0,0,0,0,0,0,0,0,0,0,0,0,0,0,0,0,0,0,0,0,0,NaN,NaN,5,NaN,NaN,NaN,NaN,NaN,NaN,NaN,NaN,NaN,NaN,NaN,NaN,NaN,NaN,NaN,NaN,NaN,NaN,NaN,NaN,NaN,NaN,0,0,1,0,0,0,0,0,0,0,0,0,0,0,0,0,0,0,0,0,0,0,0,0,0,0,0,0.23,0,0,0,0,0,0,0.05,0,0,0,0,0,0,0,0,0,0,0,0,0,0,0.348,NaN,NaN,0.575,NaN,NaN,NaN,NaN,NaN,NaN,0.25,NaN,NaN,NaN,NaN,NaN,NaN,NaN,NaN,NaN,NaN,NaN,NaN,NaN,NaN,0.87,0,0,2,0,0,0,0,0,0,1,0,0,0,0,0,0,0,0,0,0,0,0,0,0,2
1203,69,587.09,592.09,13,0,0,1,0,0,0,0,0,0,0,0,0,0,0,0,0,0,0,0,0,0,0,0,0,0,NaN,NaN,5,NaN,NaN,NaN,NaN,NaN,NaN,NaN,NaN,NaN,NaN,NaN,NaN,NaN,NaN,NaN,NaN,NaN,NaN,NaN,NaN,NaN,NaN,0,0,1,0,0,0,0,0,0,0,0,0,0,0,0,0,0,0,0,0,0,0,0,0,0,0,0,0.146,0,0,0,0,0,0,0.052,0,0,0.22,0,0,0,0,0,0,0,0,0,0,0,0.056,NaN,NaN,0.365,NaN,NaN,NaN,NaN,NaN,NaN,0.26,NaN,NaN,1.1,NaN,NaN,NaN,NaN,NaN,NaN,NaN,NaN,NaN,NaN,NaN,0.14,0,0,2,0,0,0,0,0,0,1,0,0,1,0,0,0,0,0,0,0,0,0,0,0,2
1203,70,589.33,594.33,13,0,0,0.668,0,0,0,0,0,0,0,0,0,0.252,0,0,0,0,0,0,0,0,0,0,0,0,NaN,NaN,3.34,NaN,NaN,NaN,NaN,NaN,NaN,NaN,NaN,NaN,1.26,NaN,NaN,NaN,NaN,NaN,NaN,NaN,NaN,NaN,NaN,NaN,NaN,0,0,1,0,0,0,0,0,0,0,0,0,1,0,0,0,0,0,0,0,0,0,0,0,0,0,0,0.506,0,0,0,0,0,0,0.052,0,0,0.22,0,0,0,0,0,0,0,0,0,0,0,0,NaN,NaN,2.53,NaN,NaN,NaN,NaN,NaN,NaN,0.26,NaN,NaN,1.1,NaN,NaN,NaN,NaN,NaN,NaN,NaN,NaN,NaN,NaN,NaN,NaN,0,0,1,0,0,0,0,0,0,1,0,0,1,0,0,0,0,0,0,0,0,0,0,0,0
1203,71,589.33,594.33,3,0,0,0.668,0,0,0,0,0,0,0,0,0,0.252,0,0,0,0,0,0,0,0,0,0,0,0,NaN,NaN,3.34,NaN,NaN,NaN,NaN,NaN,NaN,NaN,NaN,NaN,1.26,NaN,NaN,NaN,NaN,NaN,NaN,NaN,NaN,NaN,NaN,NaN,NaN,0,0,1,0,0,0,0,0,0,0,0,0,1,0,0,0,0,0,0,0,0,0,0,0,0,0,0,0.506,0,0,0,0,0,0,0.052,0,0,0.22,0,0,0,0,0,0,0,0,0,0,0,0,NaN,NaN,2.53,NaN,NaN,NaN,NaN,NaN,NaN,0.26,NaN,NaN,1.1,NaN,NaN,NaN,NaN,NaN,NaN,NaN,NaN,NaN,NaN,NaN,NaN,0,0,1,0,0,0,0,0,0,1,0,0,1,0,0,0,0,0,0,0,0,0,0,0,0
1203,72,593.49,598.49,13,0,0,0,0,0,0,0,0,0,0,0,0,0.996,0,0,0,0,0,0,0,0,0,0,0,0,NaN,NaN,NaN,NaN,NaN,NaN,NaN,NaN,NaN,NaN,NaN,NaN,4.98,NaN,NaN,NaN,NaN,NaN,NaN,NaN,NaN,NaN,NaN,NaN,NaN,0,0,0,0,0,0,0,0,0,0,0,0,1,0,0,0,0,0,0,0,0,0,0,0,0,0,0,0.248,0,0,0,0,0,0,0,0.06,0,0,0,0,0,0,0,0.158,0.052,0,0,0,0,0,NaN,NaN,1.24,NaN,NaN,NaN,NaN,NaN,NaN,NaN,0.3,NaN,NaN,NaN,NaN,NaN,NaN,NaN,0.79,0.26,NaN,NaN,NaN,NaN,NaN,0,0,1,0,0,0,0,0,0,0,1,0,0,0,0,0,0,0,1,1,0,0,0,0,0
1203,73,593.49,598.49,19,0,0,0,0,0,0,0,0,0,0,0,0,0.996,0,0,0,0,0,0,0,0,0,0,0,0,NaN,NaN,NaN,NaN,NaN,NaN,NaN,NaN,NaN,NaN,NaN,NaN,4.98,NaN,NaN,NaN,NaN,NaN,NaN,NaN,NaN,NaN,NaN,NaN,NaN,0,0,0,0,0,0,0,0,0,0,0,0,1,0,0,0,0,0,0,0,0,0,0,0,0,0,0,0.248,0,0,0,0,0,0,0,0.06,0,0,0,0,0,0,0,0.158,0.052,0,0,0,0,0,NaN,NaN,1.24,NaN,NaN,NaN,NaN,NaN,NaN,NaN,0.3,NaN,NaN,NaN,NaN,NaN,NaN,NaN,0.79,0.26,NaN,NaN,NaN,NaN,NaN,0,0,1,0,0,0,0,0,0,0,1,0,0,0,0,0,0,0,1,1,0,0,0,0,0
1203,74,593.49,598.49,3,0,0,0,0,0,0,0,0,0,0,0,0,0.996,0,0,0,0,0,0,0,0,0,0,0,0,NaN,NaN,NaN,NaN,NaN,NaN,NaN,NaN,NaN,NaN,NaN,NaN,4.98,NaN,NaN,NaN,NaN,NaN,NaN,NaN,NaN,NaN,NaN,NaN,NaN,0,0,0,0,0,0,0,0,0,0,0,0,1,0,0,0,0,0,0,0,0,0,0,0,0,0,0,0.248,0,0,0,0,0,0,0,0.06,0,0,0,0,0,0,0,0.158,0.052,0,0,0,0,0,NaN,NaN,1.24,NaN,NaN,NaN,NaN,NaN,NaN,NaN,0.3,NaN,NaN,NaN,NaN,NaN,NaN,NaN,0.79,0.26,NaN,NaN,NaN,NaN,NaN,0,0,1,0,0,0,0,0,0,0,1,0,0,0,0,0,0,0,1,1,0,0,0,0,0
1203,75,603.33,608.33,13,0,0,0.08,0,0,0,0,0,0,0,0,0,0.066,0,0,0,0,0,0.314,0,0,0,0,0,0,NaN,NaN,0.4,NaN,NaN,NaN,NaN,NaN,NaN,NaN,NaN,NaN,0.33,NaN,NaN,NaN,NaN,NaN,0.785,NaN,NaN,NaN,NaN,NaN,NaN,0,0,1,0,0,0,0,0,0,0,0,0,1,0,0,0,0,0,2,0,0,0,0,0,0,0,0,0.18,0,0,0,0,0,0,0,0,0,0.052,0,0,0,0,0,0.192,0,0,0,0,0,0.414,NaN,NaN,0.45,NaN,NaN,NaN,NaN,NaN,NaN,NaN,NaN,NaN,0.26,NaN,NaN,NaN,NaN,NaN,0.96,NaN,NaN,NaN,NaN,NaN,1.035,0,0,2,0,0,0,0,0,0,0,0,0,1,0,0,0,0,0,1,0,0,0,0,0,2
1203,76,607.35,612.35,13,0,0,0.776,0,0,0,0,0,0,0,0,0,0,0,0,0,0,0,0.084,0,0,0,0,0,0,NaN,NaN,3.88,NaN,NaN,NaN,NaN,NaN,NaN,NaN,NaN,NaN,NaN,NaN,NaN,NaN,NaN,NaN,0.42,NaN,NaN,NaN,NaN,NaN,NaN,0,0,1,0,0,0,0,0,0,0,0,0,0,0,0,0,0,0,1,0,0,0,0,0,0,0,0,0,0.046,0,0,0,0,0,0,0,0,0,0,0,0,0,0,0.63,0,0,0,0,0,0.046,NaN,NaN,NaN,0.23,NaN,NaN,NaN,NaN,NaN,NaN,NaN,NaN,NaN,NaN,NaN,NaN,NaN,NaN,1.575,NaN,NaN,NaN,NaN,NaN,0.23,0,0,0,1,0,0,0,0,0,0,0,0,0,0,0,0,0,0,2,0,0,0,0,0,1
1203,77,609.86,614.86,13,0,0,0.708,0,0,0,0,0,0.132,0,0,0,0,0,0,0,0,0,0.048,0,0,0,0,0,0,NaN,NaN,3.54,NaN,NaN,NaN,NaN,NaN,0.66,NaN,NaN,NaN,NaN,NaN,NaN,NaN,NaN,NaN,0.24,NaN,NaN,NaN,NaN,NaN,NaN,0,0,1,0,0,0,0,0,1,0,0,0,0,0,0,0,0,0,1,0,0,0,0,0,0,0,0,0,0.046,0,0,0,0,0,0,0,0,0,0,0,0,0,0,0.552,0,0,0,0,0,0.046,NaN,NaN,NaN,0.23,NaN,NaN,NaN,NaN,NaN,NaN,NaN,NaN,NaN,NaN,NaN,NaN,NaN,NaN,1.38,NaN,NaN,NaN,NaN,NaN,0.23,0,0,0,1,0,0,0,0,0,0,0,0,0,0,0,0,0,0,2,0,0,0,0,0,1
1203,78,612.27,617.27,13,0,0,0.226,0,0,0,0,0,0.214,0,0.388,0,0,0,0,0,0,0,0.048,0,0,0,0,0,0,NaN,NaN,1.13,NaN,NaN,NaN,NaN,NaN,1.07,NaN,1.94,NaN,NaN,NaN,NaN,NaN,NaN,NaN,0.24,NaN,NaN,NaN,NaN,NaN,NaN,0,0,1,0,0,0,0,0,1,0,1,0,0,0,0,0,0,0,1,0,0,0,0,0,0,0,0,0.048,0,0,0,0,0,0,0,0,0,0,0,0,0,0,0,0.572,0,0,0,0,0,0.14,NaN,NaN,0.24,NaN,NaN,NaN,NaN,NaN,NaN,NaN,NaN,NaN,NaN,NaN,NaN,NaN,NaN,NaN,0.95333,NaN,NaN,NaN,NaN,NaN,0.7,0,0,1,0,0,0,0,0,0,0,0,0,0,0,0,0,0,0,3,0,0,0,0,0,1
1203,79,616.21,621.21,9,0,0,0,0,0,0,0,0,0,0,0.704,0,0,0,0,0,0,0,0,0,0,0,0,0,0,NaN,NaN,NaN,NaN,NaN,NaN,NaN,NaN,NaN,NaN,3.52,NaN,NaN,NaN,NaN,NaN,NaN,NaN,NaN,NaN,NaN,NaN,NaN,NaN,NaN,0,0,0,0,0,0,0,0,0,0,1,0,0,0,0,0,0,0,0,0,0,0,0,0,0,0,0,0.048,0,0,0,0,0,0.416,0,0.1,0,0.052,0,0,0.046,0,0,0.072,0,0,0,0,0,0.104,NaN,NaN,0.24,NaN,NaN,NaN,NaN,NaN,2.08,NaN,0.25,NaN,0.26,NaN,NaN,0.23,NaN,NaN,0.36,NaN,NaN,NaN,NaN,NaN,0.52,0,0,1,0,0,0,0,0,1,0,2,0,1,0,0,1,0,0,1,0,0,0,0,0,1
1203,80,635.24,640.24,11,0,0,0,0,0,0,0,0,0,0,0.374,0,0,0,0.52,0,0,0,0,0,0,0,0,0,0,NaN,NaN,NaN,NaN,NaN,NaN,NaN,NaN,NaN,NaN,0.935,NaN,NaN,NaN,1.3,NaN,NaN,NaN,NaN,NaN,NaN,NaN,NaN,NaN,NaN,0,0,0,0,0,0,0,0,0,0,2,0,0,0,2,0,0,0,0,0,0,0,0,0,0,0,0.066,0,0,0,0,0,0,0.094,0,0.072,0,0,0,0.458,0,0,0,0,0,0,0,0,0,0.174,NaN,0.33,NaN,NaN,NaN,NaN,NaN,NaN,0.47,NaN,0.36,NaN,NaN,NaN,1.145,NaN,NaN,NaN,NaN,NaN,NaN,NaN,NaN,NaN,0.435,0,1,0,0,0,0,0,0,1,0,1,0,0,0,2,0,0,0,0,0,0,0,0,0,2
1204,1,36.565,41.565,8,0,0,0,0,0,0,0.2,0,0,0,0,0,0,0,0,0,0,0,0,0,0,0,0.12,0,0,NaN,NaN,NaN,NaN,NaN,NaN,1,NaN,NaN,NaN,NaN,NaN,NaN,NaN,NaN,NaN,NaN,NaN,NaN,NaN,NaN,NaN,0.6,NaN,NaN,0,0,0,0,0,0,1,0,0,0,0,0,0,0,0,0,0,0,0,0,0,0,1,0,0,0,0,0,0,0,0,0.1866,0,0,0,0,0,0,0,0,0,0,0,0,0,0,0.0532,0.2862,0,0,NaN,NaN,NaN,NaN,NaN,NaN,0.933,NaN,NaN,NaN,NaN,NaN,NaN,NaN,NaN,NaN,NaN,NaN,NaN,NaN,NaN,0.266,0.7155,NaN,NaN,0,0,0,0,0,0,1,0,0,0,0,0,0,0,0,0,0,0,0,0,0,1,2,0,0
1204,2,36.565,41.565,17,0,0,0,0,0,0,0.2,0,0,0,0,0,0,0,0,0,0,0,0,0,0,0,0.12,0,0,NaN,NaN,NaN,NaN,NaN,NaN,1,NaN,NaN,NaN,NaN,NaN,NaN,NaN,NaN,NaN,NaN,NaN,NaN,NaN,NaN,NaN,0.6,NaN,NaN,0,0,0,0,0,0,1,0,0,0,0,0,0,0,0,0,0,0,0,0,0,0,1,0,0,0,0,0,0,0,0,0.1866,0,0,0,0,0,0,0,0,0,0,0,0,0,0,0.0532,0.2862,0,0,NaN,NaN,NaN,NaN,NaN,NaN,0.933,NaN,NaN,NaN,NaN,NaN,NaN,NaN,NaN,NaN,NaN,NaN,NaN,NaN,NaN,0.266,0.7155,NaN,NaN,0,0,0,0,0,0,1,0,0,0,0,0,0,0,0,0,0,0,0,0,0,1,2,0,0
1204,3,36.565,41.565,15,0,0,0,0,0,0,0.2,0,0,0,0,0,0,0,0,0,0,0,0,0,0,0,0.12,0,0,NaN,NaN,NaN,NaN,NaN,NaN,1,NaN,NaN,NaN,NaN,NaN,NaN,NaN,NaN,NaN,NaN,NaN,NaN,NaN,NaN,NaN,0.6,NaN,NaN,0,0,0,0,0,0,1,0,0,0,0,0,0,0,0,0,0,0,0,0,0,0,1,0,0,0,0,0,0,0,0,0.1866,0,0,0,0,0,0,0,0,0,0,0,0,0,0,0.0532,0.2862,0,0,NaN,NaN,NaN,NaN,NaN,NaN,0.933,NaN,NaN,NaN,NaN,NaN,NaN,NaN,NaN,NaN,NaN,NaN,NaN,NaN,NaN,0.266,0.7155,NaN,NaN,0,0,0,0,0,0,1,0,0,0,0,0,0,0,0,0,0,0,0,0,0,1,2,0,0
1204,4,39.796,44.796,15,0,0,0,0,0,0,0.0674,0,0,0,0,0,0,0,0,0,0.24,0,0,0,0,0.2126,0.0734,0,0,NaN,NaN,NaN,NaN,NaN,NaN,0.337,NaN,NaN,NaN,NaN,NaN,NaN,NaN,NaN,NaN,1.2,NaN,NaN,NaN,NaN,1.063,0.367,NaN,NaN,0,0,0,0,0,0,1,0,0,0,0,0,0,0,0,0,1,0,0,0,0,1,1,0,0,0,0,0,0,0,0,0,0.06,0,0,0,0,0,0,0,0.0526,0,0,0,0,0,0.14,0.3802,0,0,NaN,NaN,NaN,NaN,NaN,NaN,NaN,0.3,NaN,NaN,NaN,NaN,NaN,NaN,NaN,0.263,NaN,NaN,NaN,NaN,NaN,0.35,0.9505,NaN,NaN,0,0,0,0,0,0,0,1,0,0,0,0,0,0,0,1,0,0,0,0,0,2,2,0,0
1204,5,45.222,50.222,15,0,0,0,0,0,0,0,0,0,0,0,0,0,0,0,0,0.0868,0.0222,0,0,0.14,0,0.4066,0,0,NaN,NaN,NaN,NaN,NaN,NaN,NaN,NaN,NaN,NaN,NaN,NaN,NaN,NaN,NaN,NaN,0.434,0.111,NaN,NaN,0.7,NaN,2.033,NaN,NaN,0,0,0,0,0,0,0,0,0,0,0,0,0,0,0,0,1,1,0,0,1,0,1,0,0,0,0,0,0,0,0,0,0,0,0,0,0,0,0.06,0,0.131,0.0468,0,0,0,0,0.1822,0,0,0,NaN,NaN,NaN,NaN,NaN,NaN,NaN,NaN,NaN,NaN,NaN,NaN,NaN,0.3,NaN,0.655,0.234,NaN,NaN,NaN,NaN,0.4555,NaN,NaN,NaN,0,0,0,0,0,0,0,0,0,0,0,0,0,1,0,1,1,0,0,0,0,2,0,0,0
1204,6,50.648,55.648,23,0,0,0,0,0,0,0,0,0,0,0,0,0,0,0.2334,0.1504,0,0,0,0,0,0,0,0,0,NaN,NaN,NaN,NaN,NaN,NaN,NaN,NaN,NaN,NaN,NaN,NaN,NaN,NaN,0.5835,0.752,NaN,NaN,NaN,NaN,NaN,NaN,NaN,NaN,NaN,0,0,0,0,0,0,0,0,0,0,0,0,0,0,2,1,0,0,0,0,0,0,0,0,0,0,0,0,0,0,0,0.16,0,0,0,0,0,0,0,0.5096,0.0304,0,0,0,0,0,0,0,0,0.0666,NaN,NaN,NaN,NaN,NaN,NaN,0.8,NaN,NaN,NaN,NaN,NaN,NaN,NaN,1.274,0.152,NaN,NaN,NaN,NaN,NaN,NaN,NaN,NaN,0.333,0,0,0,0,0,0,1,0,0,0,0,0,0,0,2,1,0,0,0,0,0,0,0,0,1
1204,7,56.127,61.127,15,0,0,0,0,0,0,0,0,0,0,0,0,0,0,0.5188,0,0,0,0,0,0,0,0.18,0,0,NaN,NaN,NaN,NaN,NaN,NaN,NaN,NaN,NaN,NaN,NaN,NaN,NaN,NaN,2.594,NaN,NaN,NaN,NaN,NaN,NaN,NaN,0.9,NaN,NaN,0,0,0,0,0,0,0,0,0,0,0,0,0,0,1,0,0,0,0,0,0,0,1,0,0,0,0,0,0,0,0,0,0,0,0,0,0,0,0,0.4466,0,0,0,0,0,0,0,0.2268,0,0.1532,NaN,NaN,NaN,NaN,NaN,NaN,NaN,NaN,NaN,NaN,NaN,NaN,NaN,NaN,1.1165,NaN,NaN,NaN,NaN,NaN,NaN,NaN,1.134,NaN,0.766,0,0,0,0,0,0,0,0,0,0,0,0,0,0,2,0,0,0,0,0,0,0,1,0,1
1204,8,68.262,73.262,14,0,0,0,0,0,0,0,0,0,0,0,0,0,0.8132,0,0,0.06,0,0,0,0,0,0,0,0,NaN,NaN,NaN,NaN,NaN,NaN,NaN,NaN,NaN,NaN,NaN,NaN,NaN,2.033,NaN,NaN,0.3,NaN,NaN,NaN,NaN,NaN,NaN,NaN,NaN,0,0,0,0,0,0,0,0,0,0,0,0,0,2,0,0,1,0,0,0,0,0,0,0,0,0,0,0,0,0,0,0,0,0,0,0,0,0,0.38,0,0,0,0,0,0,0,0,0,0,0.4002,NaN,NaN,NaN,NaN,NaN,NaN,NaN,NaN,NaN,NaN,NaN,NaN,NaN,0.63333,NaN,NaN,NaN,NaN,NaN,NaN,NaN,NaN,NaN,NaN,1.0005,0,0,0,0,0,0,0,0,0,0,0,0,0,3,0,0,0,0,0,0,0,0,0,0,2
1204,9,75.982,80.982,15,0,0,0,0,0,0,0,0,0,0,0,0,0,0.923,0,0,0,0,0,0,0,0,0.0466,0,0,NaN,NaN,NaN,NaN,NaN,NaN,NaN,NaN,NaN,NaN,NaN,NaN,NaN,4.615,NaN,NaN,NaN,NaN,NaN,NaN,NaN,NaN,0.233,NaN,NaN,0,0,0,0,0,0,0,0,0,0,0,0,0,1,0,0,0,0,0,0,0,0,1,0,0,0,0,0,0,0,0,0,0,0,0,0,0,0,0.14,0.2564,0,0.0866,0,0,0,0,0,0,0,0.3568,NaN,NaN,NaN,NaN,NaN,NaN,NaN,NaN,NaN,NaN,NaN,NaN,NaN,0.7,1.282,NaN,0.433,NaN,NaN,NaN,NaN,NaN,NaN,NaN,0.892,0,0,0,0,0,0,0,0,0,0,0,0,0,1,1,0,1,0,0,0,0,0,0,0,2
1204,10,75.982,80.982,23,0,0,0,0,0,0,0,0,0,0,0,0,0,0.923,0,0,0,0,0,0,0,0,0.0466,0,0,NaN,NaN,NaN,NaN,NaN,NaN,NaN,NaN,NaN,NaN,NaN,NaN,NaN,4.615,NaN,NaN,NaN,NaN,NaN,NaN,NaN,NaN,0.233,NaN,NaN,0,0,0,0,0,0,0,0,0,0,0,0,0,1,0,0,0,0,0,0,0,0,1,0,0,0,0,0,0,0,0,0,0,0,0,0,0,0,0.14,0.2564,0,0.0866,0,0,0,0,0,0,0,0.3568,NaN,NaN,NaN,NaN,NaN,NaN,NaN,NaN,NaN,NaN,NaN,NaN,NaN,0.7,1.282,NaN,0.433,NaN,NaN,NaN,NaN,NaN,NaN,NaN,0.892,0,0,0,0,0,0,0,0,0,0,0,0,0,1,1,0,1,0,0,0,0,0,0,0,2
1204,11,80.504,85.504,6,0,0,0,0,0,0,0,0,0,0,0,0,0,0.1858,0.5474,0,0,0,0,0,0,0.1266,0,0,0,NaN,NaN,NaN,NaN,NaN,NaN,NaN,NaN,NaN,NaN,NaN,NaN,NaN,0.929,1.3685,NaN,NaN,NaN,NaN,NaN,NaN,0.633,NaN,NaN,NaN,0,0,0,0,0,0,0,0,0,0,0,0,0,1,2,0,0,0,0,0,0,1,0,0,0,0,0,0.0342,0,0,0,0,0,0,0,0,0,0,0,0.3592,0,0.0668,0,0,0,0,0,0.2734,0,0,NaN,NaN,0.171,NaN,NaN,NaN,NaN,NaN,NaN,NaN,NaN,NaN,NaN,NaN,1.796,NaN,0.334,NaN,NaN,NaN,NaN,NaN,1.367,NaN,NaN,0,0,1,0,0,0,0,0,0,0,0,0,0,0,1,0,1,0,0,0,0,0,1,0,0
1204,12,85.531,90.531,6,0,0,0,0,0,0.4934,0,0,0,0,0,0,0,0,0.2604,0,0,0,0,0,0,0,0,0,0,NaN,NaN,NaN,NaN,NaN,0.82233,NaN,NaN,NaN,NaN,NaN,NaN,NaN,NaN,0.651,NaN,NaN,NaN,NaN,NaN,NaN,NaN,NaN,NaN,NaN,0,0,0,0,0,3,0,0,0,0,0,0,0,0,2,0,0,0,0,0,0,0,0,0,0,0,0,0.0138,0,0,0.6,0,0,0,0,0,0.0466,0,0,0,0,0,0,0,0,0,0.18,0.0532,0,0,NaN,NaN,0.069,NaN,NaN,1.5,NaN,NaN,NaN,NaN,NaN,0.233,NaN,NaN,NaN,NaN,NaN,NaN,NaN,NaN,NaN,0.45,0.266,NaN,NaN,0,0,1,0,0,2,0,0,0,0,0,1,0,0,0,0,0,0,0,0,0,2,1,0,0
1204,13,91.595,96.595,19,0,0,0,0,0,0,0,0,0,0,0,0,0,0,0,0,0,0,1,0,0,0,0,0,0,NaN,NaN,NaN,NaN,NaN,NaN,NaN,NaN,NaN,NaN,NaN,NaN,NaN,NaN,NaN,NaN,NaN,NaN,5,NaN,NaN,NaN,NaN,NaN,NaN,0,0,0,0,0,0,0,0,0,0,0,0,0,0,0,0,0,0,1,0,0,0,0,0,0,0.16,0,0,0,0,0,0,0,0,0,0,0,0,0,0,0,0,0,0.539,0,0,0,0,0,0.1866,0.8,NaN,NaN,NaN,NaN,NaN,NaN,NaN,NaN,NaN,NaN,NaN,NaN,NaN,NaN,NaN,NaN,NaN,2.695,NaN,NaN,NaN,NaN,NaN,0.933,1,0,0,0,0,0,0,0,0,0,0,0,0,0,0,0,0,0,1,0,0,0,0,0,1
1204,14,95.67,100.67,19,0,0,0,0,0,0,0,0,0,0,0,0,0,0,0,0,0,0,0.4994,0,0,0,0,0,0,NaN,NaN,NaN,NaN,NaN,NaN,NaN,NaN,NaN,NaN,NaN,NaN,NaN,NaN,NaN,NaN,NaN,NaN,2.497,NaN,NaN,NaN,NaN,NaN,NaN,0,0,0,0,0,0,0,0,0,0,0,0,0,0,0,0,0,0,1,0,0,0,0,0,0,0,0,0,0,0,0,0,0,0,0,0,0,0,0,0,0,0,0,0.5794,0,0,0,0,0,0.374,NaN,NaN,NaN,NaN,NaN,NaN,NaN,NaN,NaN,NaN,NaN,NaN,NaN,NaN,NaN,NaN,NaN,NaN,1.4485,NaN,NaN,NaN,NaN,NaN,0.935,0,0,0,0,0,0,0,0,0,0,0,0,0,0,0,0,0,0,2,0,0,0,0,0,2
1204,15,97.26,102.26,3,0,0,0,0,0,0,0,0,0,0,0,0,0,0,0,0,0,0,0.1814,0,0,0,0,0,0,NaN,NaN,NaN,NaN,NaN,NaN,NaN,NaN,NaN,NaN,NaN,NaN,NaN,NaN,NaN,NaN,NaN,NaN,0.907,NaN,NaN,NaN,NaN,NaN,NaN,0,0,0,0,0,0,0,0,0,0,0,0,0,0,0,0,0,0,1,0,0,0,0,0,0,0,0,0,0,0,0,0,0,0,0,0,0,0,0,0.066,0,0,0,0.2614,0,0,0,0,0,0.52,NaN,NaN,NaN,NaN,NaN,NaN,NaN,NaN,NaN,NaN,NaN,NaN,NaN,NaN,0.33,NaN,NaN,NaN,0.6535,NaN,NaN,NaN,NaN,NaN,1.3,0,0,0,0,0,0,0,0,0,0,0,0,0,0,1,0,0,0,2,0,0,0,0,0,2
1204,16,100.44,105.44,3,0,0,0.28,0,0,0,0,0,0,0,0,0,0,0,0,0,0,0,0,0,0,0,0,0,0,NaN,NaN,1.4,NaN,NaN,NaN,NaN,NaN,NaN,NaN,NaN,NaN,NaN,NaN,NaN,NaN,NaN,NaN,NaN,NaN,NaN,NaN,NaN,NaN,NaN,0,0,1,0,0,0,0,0,0,0,0,0,0,0,0,0,0,0,0,0,0,0,0,0,0,0,0,0,0,0,0,0,0,0,0,0,0,0,0,0.066,0,0,0,0.052,0,0,0.068,0,0,0.192,NaN,NaN,NaN,NaN,NaN,NaN,NaN,NaN,NaN,NaN,NaN,NaN,NaN,NaN,0.33,NaN,NaN,NaN,0.26,NaN,NaN,0.34,NaN,NaN,0.96,0,0,0,0,0,0,0,0,0,0,0,0,0,0,1,0,0,0,1,0,0,1,0,0,1
1204,17,100.44,105.44,19,0,0,0.28,0,0,0,0,0,0,0,0,0,0,0,0,0,0,0,0,0,0,0,0,0,0,NaN,NaN,1.4,NaN,NaN,NaN,NaN,NaN,NaN,NaN,NaN,NaN,NaN,NaN,NaN,NaN,NaN,NaN,NaN,NaN,NaN,NaN,NaN,NaN,NaN,0,0,1,0,0,0,0,0,0,0,0,0,0,0,0,0,0,0,0,0,0,0,0,0,0,0,0,0,0,0,0,0,0,0,0,0,0,0,0,0.066,0,0,0,0.052,0,0,0.068,0,0,0.192,NaN,NaN,NaN,NaN,NaN,NaN,NaN,NaN,NaN,NaN,NaN,NaN,NaN,NaN,0.33,NaN,NaN,NaN,0.26,NaN,NaN,0.34,NaN,NaN,0.96,0,0,0,0,0,0,0,0,0,0,0,0,0,0,1,0,0,0,1,0,0,1,0,0,1
1204,18,104.59,109.59,13,0,0,0.776,0,0,0,0,0,0,0,0,0,0.012,0,0,0,0,0,0,0,0,0,0,0,0,NaN,NaN,1.94,NaN,NaN,NaN,NaN,NaN,NaN,NaN,NaN,NaN,0.06,NaN,NaN,NaN,NaN,NaN,NaN,NaN,NaN,NaN,NaN,NaN,NaN,0,0,2,0,0,0,0,0,0,0,0,0,1,0,0,0,0,0,0,0,0,0,0,0,0,0,0,0.004,0,0,0,0,0,0,0,0,0,0.56,0,0,0,0,0,0.148,0,0,0,0,0,0,NaN,NaN,0.02,NaN,NaN,NaN,NaN,NaN,NaN,NaN,NaN,NaN,2.8,NaN,NaN,NaN,NaN,NaN,0.37,NaN,NaN,NaN,NaN,NaN,NaN,0,0,1,0,0,0,0,0,0,0,0,0,1,0,0,0,0,0,2,0,0,0,0,0,0
1204,19,109.68,114.68,20,0,0,0,0,0,0,0,0,0,0,0,0,0.524,0,0.114,0,0,0,0,0.16,0,0,0,0,0,NaN,NaN,NaN,NaN,NaN,NaN,NaN,NaN,NaN,NaN,NaN,NaN,2.62,NaN,0.57,NaN,NaN,NaN,NaN,0.8,NaN,NaN,NaN,NaN,NaN,0,0,0,0,0,0,0,0,0,0,0,0,1,0,1,0,0,0,0,1,0,0,0,0,0,0,0,0.044,0,0,0,0,0,0,0,0,0,0.094,0,0,0,0,0,0.046,0.57,0,0.054,0,0,0,NaN,NaN,0.22,NaN,NaN,NaN,NaN,NaN,NaN,NaN,NaN,NaN,0.47,NaN,NaN,NaN,NaN,NaN,0.23,2.85,NaN,0.27,NaN,NaN,NaN,0,0,1,0,0,0,0,0,0,0,0,0,1,0,0,0,0,0,1,1,0,1,0,0,0
1204,20,129.22,134.22,7,0,0,0,0,0,0,0.198,0,0,0,0,0,0,0,0.226,0,0,0,0,0,0,0,0.296,0,0,NaN,NaN,NaN,NaN,NaN,NaN,0.99,NaN,NaN,NaN,NaN,NaN,NaN,NaN,0.565,NaN,NaN,NaN,NaN,NaN,NaN,NaN,0.74,NaN,NaN,0,0,0,0,0,0,1,0,0,0,0,0,0,0,2,0,0,0,0,0,0,0,2,0,0,0,0,0,0,0,0,0.504,0,0,0,0,0,0,0,0,0,0,0,0,0,0,0,0.146,0,0.01,NaN,NaN,NaN,NaN,NaN,NaN,2.52,NaN,NaN,NaN,NaN,NaN,NaN,NaN,NaN,NaN,NaN,NaN,NaN,NaN,NaN,NaN,0.73,NaN,0.05,0,0,0,0,0,0,1,0,0,0,0,0,0,0,0,0,0,0,0,0,0,0,1,0,1
1204,21,131.56,136.56,7,0,0,0,0,0,0,0.666,0,0,0,0,0,0,0,0.1,0,0,0,0,0,0,0,0.128,0,0,NaN,NaN,NaN,NaN,NaN,NaN,3.33,NaN,NaN,NaN,NaN,NaN,NaN,NaN,0.5,NaN,NaN,NaN,NaN,NaN,NaN,NaN,0.64,NaN,NaN,0,0,0,0,0,0,1,0,0,0,0,0,0,0,1,0,0,0,0,0,0,0,1,0,0,0,0,0,0,0,0,0.972,0,0,0,0,0,0,0,0,0,0,0,0,0,0,0,0,0,0,NaN,NaN,NaN,NaN,NaN,NaN,4.86,NaN,NaN,NaN,NaN,NaN,NaN,NaN,NaN,NaN,NaN,NaN,NaN,NaN,NaN,NaN,NaN,NaN,NaN,0,0,0,0,0,0,1,0,0,0,0,0,0,0,0,0,0,0,0,0,0,0,0,0,0
1204,22,144.5,149.5,17,0,0,0,0,0,0,0,0,0,0,0,0,0.14,0,0.074,0,0,0,0,0,0,0,0,0,0,NaN,NaN,NaN,NaN,NaN,NaN,NaN,NaN,NaN,NaN,NaN,NaN,0.35,NaN,0.37,NaN,NaN,NaN,NaN,NaN,NaN,NaN,NaN,NaN,NaN,0,0,0,0,0,0,0,0,0,0,0,0,2,0,1,0,0,0,0,0,0,0,0,0,0,0,0,0,0,0,0,0.04,0.066,0,0,0.06,0,0,0,0.2,0,0,0,0,0,0,0,0,0,0,NaN,NaN,NaN,NaN,NaN,NaN,0.2,0.33,NaN,NaN,0.3,NaN,NaN,NaN,1,NaN,NaN,NaN,NaN,NaN,NaN,NaN,NaN,NaN,NaN,0,0,0,0,0,0,1,1,0,0,1,0,0,0,1,0,0,0,0,0,0,0,0,0,0
1204,23,144.5,149.5,8,0,0,0,0,0,0,0,0,0,0,0,0,0.14,0,0.074,0,0,0,0,0,0,0,0,0,0,NaN,NaN,NaN,NaN,NaN,NaN,NaN,NaN,NaN,NaN,NaN,NaN,0.35,NaN,0.37,NaN,NaN,NaN,NaN,NaN,NaN,NaN,NaN,NaN,NaN,0,0,0,0,0,0,0,0,0,0,0,0,2,0,1,0,0,0,0,0,0,0,0,0,0,0,0,0,0,0,0,0.04,0.066,0,0,0.06,0,0,0,0.2,0,0,0,0,0,0,0,0,0,0,NaN,NaN,NaN,NaN,NaN,NaN,0.2,0.33,NaN,NaN,0.3,NaN,NaN,NaN,1,NaN,NaN,NaN,NaN,NaN,NaN,NaN,NaN,NaN,NaN,0,0,0,0,0,0,1,1,0,0,1,0,0,0,1,0,0,0,0,0,0,0,0,0,0
1204,24,144.5,149.5,22,0,0,0,0,0,0,0,0,0,0,0,0,0.14,0,0.074,0,0,0,0,0,0,0,0,0,0,NaN,NaN,NaN,NaN,NaN,NaN,NaN,NaN,NaN,NaN,NaN,NaN,0.35,NaN,0.37,NaN,NaN,NaN,NaN,NaN,NaN,NaN,NaN,NaN,NaN,0,0,0,0,0,0,0,0,0,0,0,0,2,0,1,0,0,0,0,0,0,0,0,0,0,0,0,0,0,0,0,0.04,0.066,0,0,0.06,0,0,0,0.2,0,0,0,0,0,0,0,0,0,0,NaN,NaN,NaN,NaN,NaN,NaN,0.2,0.33,NaN,NaN,0.3,NaN,NaN,NaN,1,NaN,NaN,NaN,NaN,NaN,NaN,NaN,NaN,NaN,NaN,0,0,0,0,0,0,1,1,0,0,1,0,0,0,1,0,0,0,0,0,0,0,0,0,0
1204,25,144.5,149.5,24,0,0,0,0,0,0,0,0,0,0,0,0,0.14,0,0.074,0,0,0,0,0,0,0,0,0,0,NaN,NaN,NaN,NaN,NaN,NaN,NaN,NaN,NaN,NaN,NaN,NaN,0.35,NaN,0.37,NaN,NaN,NaN,NaN,NaN,NaN,NaN,NaN,NaN,NaN,0,0,0,0,0,0,0,0,0,0,0,0,2,0,1,0,0,0,0,0,0,0,0,0,0,0,0,0,0,0,0,0.04,0.066,0,0,0.06,0,0,0,0.2,0,0,0,0,0,0,0,0,0,0,NaN,NaN,NaN,NaN,NaN,NaN,0.2,0.33,NaN,NaN,0.3,NaN,NaN,NaN,1,NaN,NaN,NaN,NaN,NaN,NaN,NaN,NaN,NaN,NaN,0,0,0,0,0,0,1,1,0,0,1,0,0,0,1,0,0,0,0,0,0,0,0,0,0
1204,26,179.92,184.92,16,0,0,0,0,0,0,0,0,0,0,0,0,0,0,0,0,0,0,0,0,0,0,0,0,0.17,NaN,NaN,NaN,NaN,NaN,NaN,NaN,NaN,NaN,NaN,NaN,NaN,NaN,NaN,NaN,NaN,NaN,NaN,NaN,NaN,NaN,NaN,NaN,NaN,0.28333,0,0,0,0,0,0,0,0,0,0,0,0,0,0,0,0,0,0,0,0,0,0,0,0,3,0,0,0,0,0,0,0,0,0,0,0,0,0,0,0,0,0,0,0.106,0,0.066,0,0,0,0.712,NaN,NaN,NaN,NaN,NaN,NaN,NaN,NaN,NaN,NaN,NaN,NaN,NaN,NaN,NaN,NaN,NaN,NaN,0.53,NaN,0.33,NaN,NaN,NaN,1.78,0,0,0,0,0,0,0,0,0,0,0,0,0,0,0,0,0,0,1,0,1,0,0,0,2
1204,27,181.99,186.99,16,0,0,0,0,0,0,0,0,0,0,0,0,0,0,0,0,0,0,0,0,0,0,0,0,0.158,NaN,NaN,NaN,NaN,NaN,NaN,NaN,NaN,NaN,NaN,NaN,NaN,NaN,NaN,NaN,NaN,NaN,NaN,NaN,NaN,NaN,NaN,NaN,NaN,0.395,0,0,0,0,0,0,0,0,0,0,0,0,0,0,0,0,0,0,0,0,0,0,0,0,2,0,0,0,0,0,0,0,0,0,0,0,0,0,0,0,0,0,0,0.106,0,0.066,0,0,0,0.712,NaN,NaN,NaN,NaN,NaN,NaN,NaN,NaN,NaN,NaN,NaN,NaN,NaN,NaN,NaN,NaN,NaN,NaN,0.53,NaN,0.33,NaN,NaN,NaN,1.78,0,0,0,0,0,0,0,0,0,0,0,0,0,0,0,0,0,0,1,0,1,0,0,0,2
1204,28,191.05,196.05,16,0,0,0,0,0,0,0,0,0,0,0,0,0,0,0,0,0,0,0,0,0,0,0,0,0.352,NaN,NaN,NaN,NaN,NaN,NaN,NaN,NaN,NaN,NaN,NaN,NaN,NaN,NaN,NaN,NaN,NaN,NaN,NaN,NaN,NaN,NaN,NaN,NaN,0.88,0,0,0,0,0,0,0,0,0,0,0,0,0,0,0,0,0,0,0,0,0,0,0,0,2,0,0,0,0,0,0,0,0,0,0,0,0,0,0,0,0,0,0,0.4,0,0,0,0,0,0.328,NaN,NaN,NaN,NaN,NaN,NaN,NaN,NaN,NaN,NaN,NaN,NaN,NaN,NaN,NaN,NaN,NaN,NaN,2,NaN,NaN,NaN,NaN,NaN,0.82,0,0,0,0,0,0,0,0,0,0,0,0,0,0,0,0,0,0,1,0,0,0,0,0,2
1204,29,222.1,227.1,3,0,0,0,0,0,0,0,0,0,0,0,0,0,0,0,0,0,0,0,0,0,0,0,0,0,NaN,NaN,NaN,NaN,NaN,NaN,NaN,NaN,NaN,NaN,NaN,NaN,NaN,NaN,NaN,NaN,NaN,NaN,NaN,NaN,NaN,NaN,NaN,NaN,NaN,0,0,0,0,0,0,0,0,0,0,0,0,0,0,0,0,0,0,0,0,0,0,0,0,0,0,0,0,0,0,0,0,0,0,0,0,0,0,0,0,0,0,0,0,0,0,0,0,0,0.672,NaN,NaN,NaN,NaN,NaN,NaN,NaN,NaN,NaN,NaN,NaN,NaN,NaN,NaN,NaN,NaN,NaN,NaN,NaN,NaN,NaN,NaN,NaN,NaN,1.68,0,0,0,0,0,0,0,0,0,0,0,0,0,0,0,0,0,0,0,0,0,0,0,0,2
1204,30,225.47,230.47,17,0,0,0,0,0,0,0,0,0,0,0,0,0,0,0.14,0.028,0,0,0,0,0,0,0,0,0,NaN,NaN,NaN,NaN,NaN,NaN,NaN,NaN,NaN,NaN,NaN,NaN,NaN,NaN,0.7,0.14,NaN,NaN,NaN,NaN,NaN,NaN,NaN,NaN,NaN,0,0,0,0,0,0,0,0,0,0,0,0,0,0,1,1,0,0,0,0,0,0,0,0,0,0,0,0,0,0,0,0,0,0,0,0,0,0,0,0.134,0.18,0,0,0,0,0,0,0,0,0.612,NaN,NaN,NaN,NaN,NaN,NaN,NaN,NaN,NaN,NaN,NaN,NaN,NaN,NaN,0.67,0.9,NaN,NaN,NaN,NaN,NaN,NaN,NaN,NaN,1.53,0,0,0,0,0,0,0,0,0,0,0,0,0,0,1,1,0,0,0,0,0,0,0,0,2
1204,31,225.47,230.47,8,0,0,0,0,0,0,0,0,0,0,0,0,0,0,0.14,0.028,0,0,0,0,0,0,0,0,0,NaN,NaN,NaN,NaN,NaN,NaN,NaN,NaN,NaN,NaN,NaN,NaN,NaN,NaN,0.7,0.14,NaN,NaN,NaN,NaN,NaN,NaN,NaN,NaN,NaN,0,0,0,0,0,0,0,0,0,0,0,0,0,0,1,1,0,0,0,0,0,0,0,0,0,0,0,0,0,0,0,0,0,0,0,0,0,0,0,0.134,0.18,0,0,0,0,0,0,0,0,0.612,NaN,NaN,NaN,NaN,NaN,NaN,NaN,NaN,NaN,NaN,NaN,NaN,NaN,NaN,0.67,0.9,NaN,NaN,NaN,NaN,NaN,NaN,NaN,NaN,1.53,0,0,0,0,0,0,0,0,0,0,0,0,0,0,1,1,0,0,0,0,0,0,0,0,2
1204,32,225.47,230.47,22,0,0,0,0,0,0,0,0,0,0,0,0,0,0,0.14,0.028,0,0,0,0,0,0,0,0,0,NaN,NaN,NaN,NaN,NaN,NaN,NaN,NaN,NaN,NaN,NaN,NaN,NaN,NaN,0.7,0.14,NaN,NaN,NaN,NaN,NaN,NaN,NaN,NaN,NaN,0,0,0,0,0,0,0,0,0,0,0,0,0,0,1,1,0,0,0,0,0,0,0,0,0,0,0,0,0,0,0,0,0,0,0,0,0,0,0,0.134,0.18,0,0,0,0,0,0,0,0,0.612,NaN,NaN,NaN,NaN,NaN,NaN,NaN,NaN,NaN,NaN,NaN,NaN,NaN,NaN,0.67,0.9,NaN,NaN,NaN,NaN,NaN,NaN,NaN,NaN,1.53,0,0,0,0,0,0,0,0,0,0,0,0,0,0,1,1,0,0,0,0,0,0,0,0,2
1204,33,225.47,230.47,15,0,0,0,0,0,0,0,0,0,0,0,0,0,0,0.14,0.028,0,0,0,0,0,0,0,0,0,NaN,NaN,NaN,NaN,NaN,NaN,NaN,NaN,NaN,NaN,NaN,NaN,NaN,NaN,0.7,0.14,NaN,NaN,NaN,NaN,NaN,NaN,NaN,NaN,NaN,0,0,0,0,0,0,0,0,0,0,0,0,0,0,1,1,0,0,0,0,0,0,0,0,0,0,0,0,0,0,0,0,0,0,0,0,0,0,0,0.134,0.18,0,0,0,0,0,0,0,0,0.612,NaN,NaN,NaN,NaN,NaN,NaN,NaN,NaN,NaN,NaN,NaN,NaN,NaN,NaN,0.67,0.9,NaN,NaN,NaN,NaN,NaN,NaN,NaN,NaN,1.53,0,0,0,0,0,0,0,0,0,0,0,0,0,0,1,1,0,0,0,0,0,0,0,0,2
1204,34,232.17,237.17,1,0.286,0,0,0,0,0,0,0,0,0,0,0,0,0,0.252,0.1,0,0,0,0,0,0,0,0,0,0.715,NaN,NaN,NaN,NaN,NaN,NaN,NaN,NaN,NaN,NaN,NaN,NaN,NaN,1.26,0.25,NaN,NaN,NaN,NaN,NaN,NaN,NaN,NaN,NaN,2,0,0,0,0,0,0,0,0,0,0,0,0,0,1,2,0,0,0,0,0,0,0,0,0,0.28,0,0,0,0,0,0,0,0,0.06,0,0,0,0,0.088,0,0,0,0,0,0,0,0,0,0,0.7,NaN,NaN,NaN,NaN,NaN,NaN,NaN,NaN,0.3,NaN,NaN,NaN,NaN,0.44,NaN,NaN,NaN,NaN,NaN,NaN,NaN,NaN,NaN,NaN,2,0,0,0,0,0,0,0,0,1,0,0,0,0,1,0,0,0,0,0,0,0,0,0,0
1204,35,232.17,237.17,15,0.286,0,0,0,0,0,0,0,0,0,0,0,0,0,0.252,0.1,0,0,0,0,0,0,0,0,0,0.715,NaN,NaN,NaN,NaN,NaN,NaN,NaN,NaN,NaN,NaN,NaN,NaN,NaN,1.26,0.25,NaN,NaN,NaN,NaN,NaN,NaN,NaN,NaN,NaN,2,0,0,0,0,0,0,0,0,0,0,0,0,0,1,2,0,0,0,0,0,0,0,0,0,0.28,0,0,0,0,0,0,0,0,0.06,0,0,0,0,0.088,0,0,0,0,0,0,0,0,0,0,0.7,NaN,NaN,NaN,NaN,NaN,NaN,NaN,NaN,0.3,NaN,NaN,NaN,NaN,0.44,NaN,NaN,NaN,NaN,NaN,NaN,NaN,NaN,NaN,NaN,2,0,0,0,0,0,0,0,0,1,0,0,0,0,1,0,0,0,0,0,0,0,0,0,0
1204,36,263.12,268.12,1,0.63,0,0,0,0,0,0,0,0,0,0,0,0,0,0,0,0,0,0,0,0,0,0,0,0,1.575,NaN,NaN,NaN,NaN,NaN,NaN,NaN,NaN,NaN,NaN,NaN,NaN,NaN,NaN,NaN,NaN,NaN,NaN,NaN,NaN,NaN,NaN,NaN,NaN,2,0,0,0,0,0,0,0,0,0,0,0,0,0,0,0,0,0,0,0,0,0,0,0,0,0.082,0,0,0,0,0,0,0,0,0,0,0,0,0,0.21,0,0,0,0,0,0,0,0,0,0.408,0.205,NaN,NaN,NaN,NaN,NaN,NaN,NaN,NaN,NaN,NaN,NaN,NaN,NaN,0.525,NaN,NaN,NaN,NaN,NaN,NaN,NaN,NaN,NaN,1.02,2,0,0,0,0,0,0,0,0,0,0,0,0,0,2,0,0,0,0,0,0,0,0,0,2
